CIDADE,ESTADO,QUANTIDADE_DE_INDICACOES,LAT,LON
ABADIA DOS DOURADOS,MINAS GERAIS        ,1,-18.4911191,-47.4063589
ABAETETUBA,PARA                ,2,-1.7217787,-48.8788106
ABELARDO LUZ,SANTA CATARINA,1,-26.5705893,-52.3280339
ACRELANDIA,ACRE                ,4,-10.0759167,-67.0526898
ADAMANTINA,SAO PAULO           ,6,-21.6866517,-51.0762975
AFOGADOS DA INGAZEIRA,PERNAMBUCO          ,2,-7.7481283,-37.6346614
AGRESTINA,PERNAMBUCO          ,4,-8.4558021,-35.9442663
AGROLANDIA,SANTA CATARINA,1,-27.4120688,-49.8294621
AGUA BOA,MINAS GERAIS        ,2,-17.9956411,-42.3899261
AGUA DOCE,SANTA CATARINA,4,-26.9986047,-51.5529306
AGUAS DE LINDOIA,SAO PAULO           ,1,-22.4718855,-46.6291034
AGUAS DE SANTA BARBARA,SAO PAULO           ,1,-22.8821912,-49.2383956
AGUAS DE SAO PEDRO,SAO PAULO           ,2,-22.6000681,-47.8750887
AGUAS FORMOSAS,MINAS GERAIS        ,4,-17.0834193,-40.9339978
AGUAS LINDAS DE GOIAS,GOIAS               ,3,-15.7392283,-48.2793357
AGUDOS,SAO PAULO           ,5,-22.4719836,-48.9884476
AGUIA BRANCA,ESPIRITO SANTO      ,3,-18.9847265,-40.7391844
ALAGOA,MINAS GERAIS        ,4,-22.1697202,-44.6400042
ALAGOA GRANDE,PARAIBA             ,1,-7.0415212,-35.6285322
ALAGOINHA,PERNAMBUCO          ,1,-8.4663372,-36.7748832
ALAGOINHAS,BAHIA               ,1,-12.133526,-38.420772
ALEM PARAIBA,MINAS GERAIS        ,4,-21.8760576,-42.6810473
ALEXANIA,GOIAS               ,2,-16.0834049,-48.5077803
ALFENAS,MINAS GERAIS        ,17,-21.4297405,-45.9479419
ALFREDO VASCONCELOS,MINAS GERAIS        ,3,-21.145833,-43.776389
ALMADINA,BAHIA               ,1,-14.7037948,-39.6384287
ALMENARA,MINAS GERAIS        ,2,-16.1753775,-40.6916675
ALMIRANTE TAMANDARE,PARANA,8,-25.3133048,-49.2997838
ALPINOPOLIS,MINAS GERAIS        ,4,-20.863611,-46.387777
ALTAMIRA DO PARANA,PARANA,1,-24.798939,-52.7132201
ALTEROSA,MINAS GERAIS        ,2,-21.249166,-46.143055
ALTINHO,PERNAMBUCO          ,5,-8.4904095,-36.0607494
ALTINOPOLIS,SAO PAULO           ,3,-21.021364,-47.3712
ALTO ALEGRE,SAO PAULO           ,3,-21.5820592,-50.1661976
ALTO ALEGRE DO PINDARE,MARANHAO            ,1,-3.6698186,-45.8462153
ALTO ALEGRE DOS PARECIS,RONDONIA            ,4,-12.1314515,-61.856265
ALTO HORIZONTE,GOIAS               ,2,-14.1954948,-49.3366993
ALTO JEQUITIBA,MINAS GERAIS        ,3,-20.4236673,-41.9660938
ALTO LONGA,PIAUI               ,3,-5.2549051,-42.2072388
ALTO RIO DOCE,MINAS GERAIS        ,1,-21.0239537,-43.4133507
ALTONIA,PARANA,2,-23.8722004,-53.894037
ALUMINIO,SAO PAULO           ,2,-23.5203479,-47.2575256
ALVINOPOLIS,MINAS GERAIS        ,9,-20.1105199,-43.0601805
ALVORADA,RIO GRANDE DO SUL,8,-29.9981184,-51.0772509
AMAMBAI,MATO GROSSO DO SUL  ,1,-23.1082701,-55.2284854
AMAPORA,PARANA,2,-23.094272,-52.786597
AMARAJI,PERNAMBUCO          ,3,-8.373925,-35.4536527
AMARGOSA,BAHIA               ,3,-13.0302189,-39.6040692
AMERICANA,SAO PAULO           ,29,-22.7392463,-47.3306032
AMERICO BRASILIENSE,SAO PAULO           ,1,-21.7297099,-48.1052092
AMERICO DE CAMPOS,SAO PAULO           ,5,-20.298476,-49.735904
AMPARO,SAO PAULO           ,10,-22.70111,-46.76444
AMPERE,PARANA,2,-25.9168712,-53.4742414
ANAGE,BAHIA               ,3,-14.6134669,-41.1376308
ANANINDEUA,PARA                ,2,-1.374035,-48.4016623
ANAPOLIS,GOIAS               ,7,-16.3332828,-48.9525756
ANCHIETA,ESPIRITO SANTO      ,3,-20.8057672,-40.6454564
ANDIRA,PARANA,5,-23.0494761,-50.2310027
ANDRADAS,MINAS GERAIS        ,8,-22.0693412,-46.5707584
ANDRADINA,SAO PAULO           ,1,-20.896505,-51.3742765
ANDRELANDIA,MINAS GERAIS        ,7,-21.739722,-44.308889
ANGATUBA,SAO PAULO           ,3,-23.4938938,-48.4110675
ANGRA DOS REIS,RIO DE JANEIRO      ,12,-23.1555405,-44.2344809
ANTONIO CARLOS,MINAS GERAIS        ,1,-21.318334,-43.746666
ANTONIO CARLOS,SANTA CATARINA,1,-27.5168462,-48.7684715
ANTONIO DIAS,MINAS GERAIS        ,1,-19.6525,-42.872778
ANTONIO OLINTO,PARANA,1,-25.9849006,-50.1974516
APARECIDA,SAO PAULO           ,13,-22.851552,-45.2340924
APARECIDA DE GOIANIA,GOIAS               ,20,-16.8226769,-49.2452546
APIAI,SAO PAULO           ,3,-24.5076527,-48.8461582
APUCARANA,PARANA,2,-23.5525327,-51.4610764
AQUIDAUANA,MATO GROSSO DO SUL  ,1,-20.473969,-55.7821375
ARACAI,MINAS GERAIS        ,4,-19.200833,-44.2475
ARACAJU,SERGIPE             ,16,-10.9162061,-37.0774655
ARACARIGUAMA,SAO PAULO           ,1,-23.4388277,-47.0613084
ARACATI,CEARA               ,2,-4.558259,-37.767894
ARACATUBA,SAO PAULO           ,7,-21.207992,-50.4390225
ARACITABA,MINAS GERAIS        ,3,-21.3425,-43.378611
ARACOIABA DA SERRA,SAO PAULO           ,1,-23.5045367,-47.6168158
ARACRUZ,ESPIRITO SANTO      ,11,-19.8245218,-40.2735025
ARACUAI,MINAS GERAIS        ,1,-16.8484451,-42.0661868
ARAGUARI,MINAS GERAIS        ,2,-18.6511256,-48.1933764
ARAMBARE,RIO GRANDE DO SUL,1,-30.9132252,-51.4994625
ARAMINA,SAO PAULO           ,3,-20.0876144,-47.789201
ARANDU,SAO PAULO           ,2,-23.1345103,-49.0545651
ARANTINA,MINAS GERAIS        ,1,-21.911667,-44.255833
ARAPEI,SAO PAULO           ,1,-22.6738889,-44.4477778
ARAPIRACA,ALAGOAS             ,4,-9.754866,-36.661471
ARAPONGAS,PARANA,2,-23.4152862,-51.4293961
ARAPOTI,PARANA,5,-24.1457957,-49.8224605
ARAPUA,PARANA,1,-24.3079525,-51.7901941
ARARANGUA,SANTA CATARINA,2,-28.9348832,-49.4858389
ARARAQUARA,SAO PAULO           ,19,-21.7886713,-48.1773096
ARARAS,SAO PAULO           ,24,-22.3569192,-47.3838766
ARARICA,RIO GRANDE DO SUL,1,-29.6168543,-50.929121
ARARIPINA,PERNAMBUCO          ,3,-7.5768582,-40.5038509
ARARUAMA,RIO DE JANEIRO      ,5,-22.7446908,-42.3231292
ARARUNA,PARANA,1,-23.9320308,-52.4976047
ARAUCARIA,PARANA,15,-25.5861107,-49.4051209
ARAUJOS,MINAS GERAIS        ,5,-19.946829,-45.1654312
ARAXA,MINAS GERAIS        ,13,-19.6009149,-46.940923
ARCOS,MINAS GERAIS        ,4,-20.282223,-45.539444
ARCOVERDE,PERNAMBUCO          ,1,-8.4208643,-37.0547808
AREALVA,SAO PAULO           ,1,-22.0301906,-48.9111936
AREIA BRANCA,RIO GRANDE DO NORTE ,1,-4.9506652,-37.1263312
AREIOPOLIS,SAO PAULO           ,1,-22.6758064,-48.6673653
ARINOS,MINAS GERAIS        ,2,-15.917223,-46.106111
ARIPUANA,MATO GROSSO         ,1,-10.175806,-59.4439663
ARIQUEMES,RONDONIA            ,4,-9.9076522,-63.033069
ARMACAO DOS BUZIOS,RIO DE JANEIRO      ,1,-22.7597805,-41.8875267
ARMAZEM,SANTA CATARINA,3,-28.2624996,-49.0190126
AROEIRAS,PARAIBA             ,12,-7.5462904,-35.7080002
ARTUR NOGUEIRA,SAO PAULO           ,5,-22.572737,-47.172679
ARUJA,SAO PAULO           ,8,-23.396266,-46.3175449
ASSIS,SAO PAULO           ,4,-22.6620892,-50.420623
ASSIS CHATEAUBRIAND,PARANA,9,-24.4054826,-53.5120468
ASTORGA,PARANA,3,-23.2350184,-51.6647074
ATIBAIA,SAO PAULO           ,24,-23.1177393,-46.5547861
AURIFLAMA,SAO PAULO           ,5,-20.6840418,-50.5554616
AURORA,CEARA               ,1,-6.9426019,-38.9693765
AVANHANDAVA,SAO PAULO           ,1,-21.4603331,-49.9465156
AVARE,SAO PAULO           ,9,-23.1045215,-48.9259103
AXIXA DO TOCANTINS,TOCANTINS           ,1,-5.612747,-47.77007
BAEPENDI,MINAS GERAIS        ,9,-21.9575733,-44.8891463
BALDIM,MINAS GERAIS        ,1,-19.2913568,-43.9558262
BALNEARIO ARROIO DO SILVA,SANTA CATARINA,2,-28.9815269,-49.4189932
BALNEARIO CAMBORIU,SANTA CATARINA,2,-26.9924395,-48.6339782
BALSAMO,SAO PAULO           ,1,-20.7343722,-49.5807484
BAMBUI,MINAS GERAIS        ,7,-20.0131996,-45.9777034
BANANEIRAS,PARAIBA             ,7,-6.7537682,-35.6338343
BANDEIRANTES,PARANA,4,-23.107788,-50.370407
BARAO,RIO GRANDE DO SUL,1,-29.372474,-51.494908
BARAO DE COCAIS,MINAS GERAIS        ,4,-19.9452437,-43.4870298
BARBACENA,MINAS GERAIS        ,33,-21.2254524,-43.7735087
BARBALHA,CEARA               ,5,-7.3121067,-39.3036427
BARBOSA FERRAZ,PARANA,5,-24.0287182,-52.00811
BARRA BONITA,SAO PAULO           ,12,-22.490859,-48.558349
BARRA DE SAO FRANCISCO,ESPIRITO SANTO      ,3,-18.7570902,-40.8916119
BARRA DO GARCAS,MATO GROSSO         ,5,-15.8916033,-52.2615413
BARRA DO MENDES,BAHIA               ,1,-11.8053298,-42.057037
BARRA DO PIRAI,RIO DE JANEIRO      ,6,-22.4242692,-43.8935244
BARRA MANSA,RIO DE JANEIRO      ,28,-22.4852784,-44.19707
BARRA VELHA,SANTA CATARINA,2,-26.6338203,-48.6835001
BARRETOS,SAO PAULO           ,2,-20.5531437,-48.5697509
BARRO,CEARA               ,4,-7.1713587,-38.7742136
BARROSO,MINAS GERAIS        ,12,-21.187137,-43.9771259
BARUERI,SAO PAULO           ,32,-23.5112184,-46.8764612
BASTOS,SAO PAULO           ,5,-21.9222474,-50.7317727
BATALHA,ALAGOAS             ,1,-9.6733809,-37.1265481
BATATAIS,SAO PAULO           ,1,-20.892867,-47.592149
BAURU,SAO PAULO           ,23,-22.3218102,-49.0705863
BAYEUX,PARAIBA             ,2,-7.1301631,-34.936532
BEBEDOURO,SAO PAULO           ,5,-20.949077,-48.479083
BELA VISTA DE MINAS,MINAS GERAIS        ,1,-19.8289721,-43.0973688
BELEM,ALAGOAS             ,2,-9.5715351,-36.492841
BELEM,PARA                ,24,-1.45056,-48.4682453
BELFORD ROXO,RIO DE JANEIRO      ,9,-22.7667284,-43.4033603
BELO CAMPO,BAHIA               ,1,-15.0338286,-41.2585109
BELO HORIZONTE,MINAS GERAIS        ,309,-19.9227318,-43.9450948
BELO JARDIM,PERNAMBUCO          ,1,-8.3338293,-36.4176419
BELO VALE,MINAS GERAIS        ,1,-20.407778,-44.024167
BENEDITINOS,PIAUI               ,2,-5.5144956,-42.3713028
BENEDITO NOVO,SANTA CATARINA,2,-26.7840657,-49.3629511
BENTO GONCALVES,RIO GRANDE DO SUL,9,-29.1654014,-51.5197627
BERNARDINO DE CAMPOS,SAO PAULO           ,3,-23.0140216,-49.4760724
BERTIOGA,SAO PAULO           ,5,-23.848568,-46.139586
BETIM,MINAS GERAIS        ,42,-19.9475338,-44.1995361
BEZERROS,PERNAMBUCO          ,2,-8.2372132,-35.7558262
BIAS FORTES,MINAS GERAIS        ,1,-21.605833,-43.756944
BICAS,MINAS GERAIS        ,1,-21.7213723,-43.0604327
BIGUACU,SANTA CATARINA,4,-27.4961277,-48.6542432
BIRIGUI,SAO PAULO           ,5,-21.2908491,-50.34144
BIRITIBA MIRIM,SAO PAULO           ,1,-23.5697765,-46.0407456
BITURUNA,PARANA,4,-26.161281,-51.5533319
BLUMENAU,SANTA CATARINA,5,-26.9195567,-49.0658025
BOA ESPERANCA,ESPIRITO SANTO      ,1,-18.5395472,-40.2904088
BOA ESPERANCA,MINAS GERAIS        ,8,-21.0901253,-45.5660195
BOA ESPERANCA,PARANA,1,-24.2411024,-52.7860277
BOA ESPERANCA DO SUL,SAO PAULO           ,3,-21.9930206,-48.3917372
BOA VENTURA DE SAO ROQUE,PARANA,1,-24.88177,-51.5441292
BOA VISTA,RORAIMA             ,4,2.8208478,-60.6719582
BOCAINA,SAO PAULO           ,1,-22.1421831,-48.522276
BOCAIUVA DO SUL,PARANA,2,-25.206591,-49.114131
BODOQUENA,MATO GROSSO DO SUL  ,1,-20.5508775,-56.6769653
BOITUVA,SAO PAULO           ,16,-23.2838893,-47.6738231
BOM CONSELHO,PERNAMBUCO          ,1,-9.169191,-36.685683
BOM DESPACHO,MINAS GERAIS        ,16,-19.7375242,-45.2517288
BOM JARDIM DA SERRA,SANTA CATARINA,1,-28.3380324,-49.625588
BOM JARDIM DE MINAS,MINAS GERAIS        ,6,-21.9476508,-44.1905987
BOM JESUS,RIO GRANDE DO SUL,2,-28.6692723,-50.4346894
BOM JESUS DO AMPARO,MINAS GERAIS        ,1,-19.7045132,-43.4752911
BOM JESUS DO GALHO,MINAS GERAIS        ,3,-19.8283191,-42.3162256
BOM JESUS DO ITABAPOANA,RIO DE JANEIRO      ,9,-21.090552,-41.7808736
BOM JESUS DOS PERDOES,SAO PAULO           ,7,-23.1353864,-46.4648052
BOM REPOUSO,MINAS GERAIS        ,13,-22.4657069,-46.1485376
BOM SUCESSO,MINAS GERAIS        ,15,-21.0323516,-44.7598082
BONINAL,BAHIA               ,1,-12.7095183,-41.8299984
BONITO DE MINAS,MINAS GERAIS        ,1,-15.3231001,-44.7572539
BORA,SAO PAULO           ,1,-22.2703347,-50.5442675
BORBOREMA,SAO PAULO           ,1,-21.6212706,-49.074135
BORDA DA MATA,MINAS GERAIS        ,2,-22.274167,-46.165278
BOTELHOS,MINAS GERAIS        ,4,-21.6500058,-46.3947355
BOTUCATU,SAO PAULO           ,10,-22.8879628,-48.4410712
BOTUVERA,SANTA CATARINA,2,-27.1990695,-49.0726471
BRACO DO NORTE,SANTA CATARINA,6,-28.2728633,-49.1622712
BRAGANCA PAULISTA,SAO PAULO           ,23,-22.9520235,-46.5418586
BRAS PIRES,MINAS GERAIS        ,2,-20.8483109,-43.2430524
BRASILANDIA,MATO GROSSO DO SUL  ,2,-21.255575,-52.0365617
BRASILANDIA DO SUL,PARANA,6,-24.1975793,-53.527551
BRASILIA DE MINAS,MINAS GERAIS        ,4,-16.2075114,-44.430559
BRASNORTE,MATO GROSSO         ,6,-12.1218837,-58.0042714
BREJETUBA,ESPIRITO SANTO      ,1,-20.1465817,-41.2902303
BREJOLANDIA,BAHIA               ,2,-12.4843845,-43.9611861
BRODOWSKI,SAO PAULO           ,1,-20.9862299,-47.6578768
BRUMADINHO,MINAS GERAIS        ,7,-20.143611,-44.2
BRUMADO,BAHIA               ,16,-14.2025099,-41.6701307
BRUNOPOLIS,SANTA CATARINA,2,-27.310953,-50.837585
BRUSQUE,SANTA CATARINA,19,-27.0964628,-48.9136323
BUENO BRANDAO,MINAS GERAIS        ,3,-22.441421,-46.3475825
BUENOPOLIS,MINAS GERAIS        ,2,-17.8756607,-44.1749365
BUERAREMA,BAHIA               ,1,-14.9584826,-39.3010861
BUIQUE,PERNAMBUCO          ,3,-8.6239732,-37.157296
BURITIZEIRO,MINAS GERAIS        ,1,-17.3667765,-44.9647781
CABECEIRA GRANDE,MINAS GERAIS        ,3,-16.0297,-47.0906
CABEDELO,PARAIBA             ,5,-6.97324,-34.8351609
CABO FRIO,RIO DE JANEIRO      ,4,-22.7378309,-42.0240869
CABREUVA,SAO PAULO           ,6,-23.3076663,-47.1324726
CABROBO,PERNAMBUCO          ,3,-8.5083701,-39.3106961
CACADOR,SANTA CATARINA,4,-26.7737784,-51.0134844
CACAPAVA,SAO PAULO           ,21,-23.099204,-45.707645
CACAPAVA DO SUL,RIO GRANDE DO SUL,1,-30.5113286,-53.4916761
CACEQUI,RIO GRANDE DO SUL,2,-29.8838059,-54.8273443
CACERES,MATO GROSSO         ,7,-16.0644068,-57.6878972
CACHOEIRA DE MINAS,MINAS GERAIS        ,1,-22.3554043,-45.7796324
CACHOEIRA DO SUL,RIO GRANDE DO SUL,4,-30.0482234,-52.8901686
CACHOEIRA DOURADA,GOIAS               ,2,-18.4934204,-49.481062
CACHOEIRA PAULISTA,SAO PAULO           ,4,-22.6605578,-45.0081689
CACHOEIRINHA,RIO GRANDE DO SUL,2,-29.9493353,-51.0898927
CACHOEIRO DE ITAPEMIRIM,ESPIRITO SANTO      ,17,-20.848084,-41.11129
CACONDE,SAO PAULO           ,10,-21.5554136,-46.6301073
CAETANOPOLIS,MINAS GERAIS        ,3,-19.2947496,-44.4138386
CAETE,MINAS GERAIS        ,1,-19.897777,-43.670278
CAETES,PERNAMBUCO          ,1,-8.7728788,-36.6255835
CAETITE,BAHIA               ,1,-14.0691776,-42.4852428
CAIANA,MINAS GERAIS        ,4,-20.695555,-41.924723
CAICO,RIO GRANDE DO NORTE ,8,-6.4594544,-37.0971911
CAIEIRAS,SAO PAULO           ,4,-23.3644621,-46.7484765
CAJAMAR,SAO PAULO           ,9,-23.3561111,-46.8769444
CAJATI,SAO PAULO           ,1,-24.7272376,-48.1077914
CAJAZEIRAS,PARAIBA             ,2,-6.8897849,-38.5570389
CAJURI,MINAS GERAIS        ,1,-20.7901414,-42.7954489
CAJURU,SAO PAULO           ,10,-21.2759978,-47.3046035
CALDAS,MINAS GERAIS        ,2,-21.923611,-46.386111
CALDAS NOVAS,GOIAS               ,5,-17.745,-48.625
CAMACARI,BAHIA               ,7,-12.6998188,-38.3260762
CAMANDUCAIA,MINAS GERAIS        ,1,-22.755278,-46.144444
CAMAQUA,RIO GRANDE DO SUL,1,-30.8524752,-51.8075619
CAMARAGIBE,PERNAMBUCO          ,5,-8.0213832,-34.9810768
CAMBE,PARANA,9,-23.2782035,-51.2779583
CAMBUCI,RIO DE JANEIRO      ,2,-21.5762274,-41.912293
CAMBUI,MINAS GERAIS        ,3,-22.6122501,-46.0572137
CAMBUQUIRA,MINAS GERAIS        ,1,-21.853056,-45.2953619
CAMPANARIO,MINAS GERAIS        ,2,-18.2392822,-41.7271598
CAMPANHA,MINAS GERAIS        ,4,-21.8361108,-45.401986
CAMPESTRE,MINAS GERAIS        ,4,-21.711111,-46.246389
CAMPINA DA LAGOA,PARANA,7,-24.5937926,-52.8038965
CAMPINA GRANDE,PARAIBA             ,20,-7.2246743,-35.8771292
CAMPINA VERDE,MINAS GERAIS        ,3,-19.535277,-49.486389
CAMPINAS,SAO PAULO           ,106,-22.9056391,-47.059564
CAMPO ALEGRE DE GOIAS,GOIAS               ,1,-17.6337896,-47.779291
CAMPO AZUL,MINAS GERAIS        ,2,-16.5078525,-44.8133524
CAMPO BELO,MINAS GERAIS        ,4,-20.8975,-45.277223
CAMPO DO BRITO,SERGIPE             ,2,-10.7482965,-37.493777
CAMPO DO MEIO,MINAS GERAIS        ,1,-21.1072006,-45.8301735
CAMPO DO TENENTE,PARANA,2,-25.9814143,-49.684518
CAMPO FORMOSO,BAHIA               ,1,-10.51055,-40.320031
CAMPO GRANDE,MATO GROSSO DO SUL  ,45,-20.4640173,-54.6162947
CAMPO LARGO,PARANA,21,-25.4597726,-49.5270851
CAMPO LARGO DA ROSEIRA (SAO JOSE DOS PINHAIS) - DI,PARANA,1,-25.6563457,-49.1626624
CAMPO LIMPO PAULISTA,SAO PAULO           ,9,-23.207791,-46.788919
CAMPO MOURAO,PARANA,10,-24.046329,-52.37802
CAMPO VERDE,MATO GROSSO         ,2,-15.5430787,-55.1590511
CAMPOS DO JORDAO,SAO PAULO           ,9,-22.738299,-45.5903769
CAMPOS DOS GOYTACAZES,RIO DE JANEIRO      ,4,-21.7546,-41.3242
CAMPOS GERAIS,MINAS GERAIS        ,5,-21.2333342,-45.7584127
CANAA,MINAS GERAIS        ,5,-20.685555,-42.62
CANAS,SAO PAULO           ,2,-22.7029347,-45.0526508
CANDEIAS,BAHIA               ,3,-12.6693806,-38.5406462
CANDEIAS,MINAS GERAIS        ,6,-20.7676161,-45.2763777
CANDEIAS DO JAMARI,RONDONIA            ,1,-8.7949939,-63.7018851
CANDELARIA,RIO GRANDE DO SUL,1,-29.668391,-52.789495
CANDIBA,BAHIA               ,4,-14.4125032,-42.8714102
CANDIDO MOTA,SAO PAULO           ,2,-22.7434964,-50.38924
CANDOI,PARANA,4,-25.5711951,-52.051107
CANELA,RIO GRANDE DO SUL,1,-29.3636094,-50.8096844
CANELINHA,SANTA CATARINA,3,-27.2660341,-48.7666708
CANINDE DE SAO FRANCISCO,SERGIPE             ,4,-9.6604477,-37.7895637
CANOAS,RIO GRANDE DO SUL,16,-29.9216045,-51.1799525
CANOINHAS,SANTA CATARINA,7,-26.1755121,-50.3949592
CANTAGALO,MINAS GERAIS        ,5,-18.5271683,-42.6252197
CAPAO BONITO,SAO PAULO           ,6,-24.0048759,-48.3489848
CAPAO DA CANOA,RIO GRANDE DO SUL,13,-29.7508278,-50.0210729
CAPELA DO ALTO,SAO PAULO           ,3,-23.4704798,-47.7352309
CAPELA NOVA,MINAS GERAIS        ,3,-20.9236773,-43.6179487
CAPELINHA,MINAS GERAIS        ,2,-17.693889,-42.518611
CAPETINGA,MINAS GERAIS        ,1,-20.6180809,-47.0570855
CAPINOPOLIS,MINAS GERAIS        ,3,-18.682778,-49.569723
CAPITAO LEONIDAS MARQUES,PARANA,1,-25.481645,-53.611238
CAPITOLIO,MINAS GERAIS        ,1,-20.6114193,-46.1326543
CAPIVARI,SAO PAULO           ,3,-22.9999295,-47.5031066
CARAA,RIO GRANDE DO SUL,7,-29.7916777,-50.4339994
CARAGUATATUBA,SAO PAULO           ,9,-23.62028,-45.41306
CARAI,MINAS GERAIS        ,1,-17.1884104,-41.6976554
CARAMBEI,PARANA,1,-24.9513298,-50.1171293
CARANDAI,MINAS GERAIS        ,4,-20.9526569,-43.8066788
CARANGOLA,MINAS GERAIS        ,3,-20.733638,-42.0299412
CARAPICUIBA,SAO PAULO           ,39,-23.5234673,-46.8406808
CARATINGA,MINAS GERAIS        ,1,-19.7900887,-42.140533
CARAVELAS,BAHIA               ,1,-17.734979,-39.2627179
CARAZINHO,RIO GRANDE DO SUL,6,-28.2981634,-52.7942363
CARIACICA,ESPIRITO SANTO      ,5,-20.263202,-40.416549
CARIRIACU,CEARA               ,1,-7.0417053,-39.2835527
CARLOPOLIS,PARANA,1,-23.4285011,-49.7208814
CARMESIA,MINAS GERAIS        ,1,-19.0854535,-43.1392003
CARMO DA CACHOEIRA,MINAS GERAIS        ,3,-21.460556,-45.223334
CARMO DA MATA,MINAS GERAIS        ,2,-20.558334,-44.8703774
CARMO DE MINAS,MINAS GERAIS        ,2,-22.1216655,-45.1323836
CARMO DO CAJURU,MINAS GERAIS        ,5,-20.184444,-44.770834
CARMO DO PARANAIBA,MINAS GERAIS        ,7,-18.9992327,-46.306916
CARMO DO RIO CLARO,MINAS GERAIS        ,10,-20.973315,-46.1186754
CARMOPOLIS DE MINAS,MINAS GERAIS        ,13,-20.541224,-44.6350611
CARNEIRINHO,MINAS GERAIS        ,1,-19.6975,-50.688055
CARPINA,PERNAMBUCO          ,2,-7.8459105,-35.2538861
CARRANCAS,MINAS GERAIS        ,4,-21.4910462,-44.6436151
CARUARU,PERNAMBUCO          ,3,-8.2829702,-35.9722852
CARVALHOPOLIS,MINAS GERAIS        ,1,-21.7773461,-45.8412117
CARVALHOS,MINAS GERAIS        ,4,-22.001667,-44.461667
CASA GRANDE,MINAS GERAIS        ,3,-20.7937571,-43.928693
CASA NOVA,BAHIA               ,4,-9.1736775,-40.9734475
CASCA,RIO GRANDE DO SUL,2,-28.5652711,-51.9769207
CASCAVEL,PARANA,18,-24.9554996,-53.4560544
CASIMIRO DE ABREU,RIO DE JANEIRO      ,1,-22.4756154,-42.1522235
CASSIA,MINAS GERAIS        ,2,-20.5837538,-46.9219923
CASSIA DOS COQUEIROS,SAO PAULO           ,2,-21.280082,-47.164327
CASTELO,ESPIRITO SANTO      ,9,-20.6022098,-41.2032124
CASTILHO,SAO PAULO           ,4,-20.8695636,-51.4877792
CASTRO,PARANA,6,-24.794072,-49.9972914
CATAGUASES,MINAS GERAIS        ,11,-21.387426,-42.6957219
CATALAO,GOIAS               ,6,-18.1702546,-47.9447082
CATANDUVA,SAO PAULO           ,3,-21.1331035,-48.9712817
CATANDUVAS,SANTA CATARINA,3,-27.0689719,-51.660158
CATURAI,GOIAS               ,1,-16.4473559,-49.4919149
CAUCAIA,CEARA               ,7,-3.7300563,-38.6593082
CAXAMBU,MINAS GERAIS        ,4,-21.9755872,-44.9311403
CAXIAS,MARANHAO            ,2,-4.8654201,-43.353664
CAXIAS DO SUL,RIO GRANDE DO SUL,7,-29.1685045,-51.1796385
CEDRAL,SAO PAULO           ,1,-20.9028433,-49.2699665
CEDRO,CEARA               ,1,-6.6065382,-39.0599487
CELSO RAMOS,SANTA CATARINA,1,-27.6335797,-51.3368111
CERES,GOIAS               ,1,-15.3103568,-49.6032054
CERQUEIRA CESAR,SAO PAULO           ,2,-23.0353135,-49.1650519
CERQUILHO,SAO PAULO           ,7,-23.1626556,-47.7433878
CERRO AZUL,PARANA,3,-24.8245108,-49.2615181
CHA GRANDE,PERNAMBUCO          ,1,-8.238271,-35.457148
CHAPADA DOS GUIMARAES,MATO GROSSO         ,1,-15.464343,-55.749857
CHAPECO,SANTA CATARINA,10,-27.0922364,-52.6166878
CHARQUEADA,SAO PAULO           ,70,-22.50958,-47.775468
CHAVANTES,SAO PAULO           ,2,-23.0406405,-49.7071698
CHOPINZINHO,PARANA,1,-25.8566167,-52.5294107
CIANORTE,PARANA,2,-23.662036,-52.6103989
CICERO DANTAS,BAHIA               ,1,-10.5942278,-38.3839063
CIDADE GAUCHA,PARANA,1,-23.3816558,-52.9444098
CIDADE OCIDENTAL,GOIAS               ,3,-16.1000758,-47.9445014
CIDELANDIA,MARANHAO            ,4,-5.174655,-47.7833531
CIDREIRA,RIO GRANDE DO SUL,1,-30.1657063,-50.218331
CIPOTANEA,MINAS GERAIS        ,3,-20.905278,-43.365556
CLARAVAL,MINAS GERAIS        ,1,-20.4019611,-47.2851534
CLAUDIO,MINAS GERAIS        ,5,-20.4448485,-44.7655217
CLEVELANDIA,PARANA,2,-26.404065,-52.3513972
COARACI,BAHIA               ,1,-14.6407979,-39.5496765
COARI,AMAZONAS            ,1,-4.0885957,-63.1431166
COCAL DO SUL,SANTA CATARINA,1,-28.6007346,-49.3248697
COCOS,BAHIA               ,3,-14.1811222,-44.5382117
CODO,MARANHAO            ,3,-4.455623,-43.892354
COLATINA,ESPIRITO SANTO      ,10,-19.5346732,-40.6287836
COLOMBIA,SAO PAULO           ,1,-20.1774291,-48.6872822
COLOMBO,PARANA,27,-25.2925439,-49.2243472
COLORADO,PARANA,9,-22.8385097,-51.9730135
CONCEICAO DA APARECIDA,MINAS GERAIS        ,2,-21.094166,-46.204444
CONCEICAO DA BARRA,ESPIRITO SANTO      ,2,-18.5841421,-39.7371844
CONCEICAO DA FEIRA,BAHIA               ,1,-12.5013001,-39.0002166
CONCEICAO DAS ALAGOAS,MINAS GERAIS        ,2,-19.9194009,-48.3803414
CONCEICAO DO JACUIPE,BAHIA               ,1,-12.326831,-38.768433
CONCEICAO DO MATO DENTRO,MINAS GERAIS        ,2,-19.037222,-43.425278
CONCEICAO DO PARA,MINAS GERAIS        ,1,-19.752222,-44.896944
CONCHAL,SAO PAULO           ,8,-22.337512,-47.172927
CONCHAS,SAO PAULO           ,2,-23.0133538,-48.0077595
CONCORDIA,SANTA CATARINA,3,-27.2312011,-52.0231024
CONFINS,MINAS GERAIS        ,2,-19.6278749,-43.9912311
CONFRESA,MATO GROSSO         ,1,-10.643695,-51.569873
CONGO,PARAIBA             ,2,-7.7957602,-36.6602133
CONGONHAL,MINAS GERAIS        ,3,-22.1532505,-46.0404698
CONGONHAS,MINAS GERAIS        ,20,-20.5015168,-43.8564586
CONGONHAS DO NORTE,MINAS GERAIS        ,6,-18.8100392,-43.6783242
CONGONHINHAS,PARANA,2,-23.5497241,-50.5520182
CONQUISTA,MINAS GERAIS        ,3,-19.936944,-47.543055
CONSELHEIRO LAFAIETE,MINAS GERAIS        ,59,-20.6596107,-43.785743
CONTAGEM,MINAS GERAIS        ,76,-19.9132749,-44.0840953
CONTENDAS DO SINCORA,BAHIA               ,1,-13.7612283,-41.0421315
COQUEIRAL,MINAS GERAIS        ,5,-21.1898365,-45.4409829
CORACAO DE JESUS,MINAS GERAIS        ,1,-16.6888187,-44.3577401
CORACAO DE MARIA,BAHIA               ,2,-12.2484345,-38.7499274
CORBELIA,PARANA,3,-24.7951117,-53.2961804
CORDEIROPOLIS,SAO PAULO           ,3,-22.4768324,-47.4550551
CORDISBURGO,MINAS GERAIS        ,5,-19.125834,-44.320278
CORIBE,BAHIA               ,1,-13.828471,-44.45727
CORINTO,MINAS GERAIS        ,1,-18.363056,-44.456111
CORNELIO PROCOPIO,PARANA,8,-23.1825218,-50.6499263
COROACI,MINAS GERAIS        ,5,-18.6194369,-42.2830239
COROMANDEL,MINAS GERAIS        ,2,-18.473889,-47.200278
CORONEL FABRICIANO,MINAS GERAIS        ,5,-19.5200067,-42.6282686
CORONEL FREITAS,SANTA CATARINA,3,-26.9058932,-52.7028055
CORONEL PACHECO,MINAS GERAIS        ,1,-21.5878865,-43.2615975
CORONEL VIVIDA,PARANA,1,-25.9803771,-52.5654277
CORONEL XAVIER CHAVES,MINAS GERAIS        ,1,-21.0234482,-44.2233108
CORREGO FUNDO,MINAS GERAIS        ,8,-20.4490405,-45.5558238
CORRENTINA,BAHIA               ,2,-13.344157,-44.6345066
CORUMBA,MATO GROSSO DO SUL  ,1,-19.0006027,-57.6507535
CORURIPE,ALAGOAS             ,5,-10.1249963,-36.1760623
COSTA MARQUES,RONDONIA            ,1,-12.4367165,-64.2279765
COTIA,SAO PAULO           ,27,-23.603889,-46.918889
COTIPORA,RIO GRANDE DO SUL,1,-28.9950719,-51.696359
CRAIBAS,ALAGOAS             ,5,-9.6167979,-36.7684602
CRATO,CEARA               ,1,-7.2369112,-39.4149236
CRAVINHOS,SAO PAULO           ,6,-21.340278,-47.729444
CRICIUMA,SANTA CATARINA,1,-28.6789941,-49.3695627
CRISOPOLIS,BAHIA               ,1,-11.5105813,-38.1506278
CRISTAIS,MINAS GERAIS        ,4,-20.875834,-45.518611
CRISTAIS PAULISTA,SAO PAULO           ,1,-20.403569,-47.420915
CRISTALINA,GOIAS               ,6,-16.7680599,-47.6133427
CRISTINA,MINAS GERAIS        ,4,-22.212222,-45.264167
CRUCILANDIA,MINAS GERAIS        ,17,-20.3985647,-44.3429275
CRUZ,CEARA               ,1,-2.918128,-40.175981
CRUZ ALTA,RIO GRANDE DO SUL,4,-28.645056,-53.6058047
CRUZ DO ESPIRITO SANTO,PARAIBA             ,1,-7.139022,-35.085721
CRUZEIRO,SAO PAULO           ,18,-22.5783685,-44.9642044
CRUZEIRO DA FORTALEZA,MINAS GERAIS        ,1,-18.9461873,-46.6738005
CRUZEIRO DO IGUACU,PARANA,1,-25.6142278,-53.1299075
CRUZEIRO DO OESTE,PARANA,4,-23.7839582,-53.0709425
CRUZILIA,MINAS GERAIS        ,5,-21.838333,-44.808056
CUBATAO,SAO PAULO           ,9,-23.8857982,-46.4241869
CUBATI,PARAIBA             ,3,-6.8647974,-36.3525993
CUIABA,MATO GROSSO         ,47,-15.5986686,-56.0991301
CUMBE,SERGIPE             ,3,-10.3546844,-37.18174
CUNHA,SAO PAULO           ,2,-23.07753,-44.9567436
CUNHA PORA,SANTA CATARINA,2,-26.8927163,-53.1716516
CURITIBA,PARANA,154,-25.4944375,-49.284271
CURITIBANOS,SANTA CATARINA,1,-27.2900659,-50.5779683
CURIUVA,PARANA,1,-24.0383013,-50.455484
CURRAIS NOVOS,RIO GRANDE DO NORTE ,8,-6.2626676,-36.5173039
CURRAL DE DENTRO,MINAS GERAIS        ,2,-15.9378229,-41.8545118
CURVELO,MINAS GERAIS        ,16,-18.7571926,-44.4305993
CUSTODIA,PERNAMBUCO          ,3,-8.0860251,-37.6400307
DAMIANOPOLIS,GOIAS               ,1,-14.5603809,-46.1780241
DATAS,MINAS GERAIS        ,1,-18.4459187,-43.6584287
DELFIM MOREIRA,MINAS GERAIS        ,4,-22.5086783,-45.2792398
DELFINOPOLIS,MINAS GERAIS        ,1,-20.344749,-46.8546425
DELMIRO GOUVEIA,ALAGOAS             ,2,-9.3841161,-37.997756
DEODAPOLIS,MATO GROSSO DO SUL  ,1,-22.276272,-54.168163
DESCALVADO,SAO PAULO           ,3,-21.9090404,-47.6203241
DESTERRO,PARAIBA             ,8,-7.2889695,-37.0880761
DESTERRO DE ENTRE RIOS,MINAS GERAIS        ,3,-20.66,-44.332223
DESTERRO DO MELO,MINAS GERAIS        ,4,-21.1460033,-43.518329
DIADEMA,SAO PAULO           ,25,-23.6866428,-46.6246935
DIAMANTE,PARAIBA             ,1,-7.4261827,-38.2646879
DIAMANTINA,MINAS GERAIS        ,7,-18.2440862,-43.6006487
DIAMANTINO,MATO GROSSO         ,3,-14.4036262,-56.4364488
DIONISIO,MINAS GERAIS        ,4,-19.841944,-42.776945
DIONISIO CERQUEIRA,SANTA CATARINA,1,-26.2604681,-53.6346379
DIVINESIA,MINAS GERAIS        ,1,-20.990277,-43.003889
DIVINO,MINAS GERAIS        ,12,-20.6151497,-42.1474733
DIVINO DE SAO LOURENCO,ESPIRITO SANTO      ,1,-20.6224575,-41.6853124
DIVINOLANDIA,SAO PAULO           ,1,-21.6604584,-46.7371151
DIVINOLANDIA DE MINAS,MINAS GERAIS        ,4,-18.8021453,-42.6153788
DIVINOPOLIS,MINAS GERAIS        ,37,-20.1597921,-44.8739341
DIVISA NOVA,MINAS GERAIS        ,2,-21.5126801,-46.1926626
DOIS CORREGOS,SAO PAULO           ,2,-22.3697554,-48.3845315
DOIS IRMAOS,RIO GRANDE DO SUL,2,-29.58356,-51.089776
DOIS RIACHOS,ALAGOAS             ,3,-9.384645,-37.096502
DOIS VIZINHOS,PARANA,3,-25.7464681,-53.0554369
DOM BASILIO,BAHIA               ,2,-13.7589818,-41.7715676
DOM CAVATI,MINAS GERAIS        ,1,-19.3744152,-42.1067301
DOM SILVERIO,MINAS GERAIS        ,1,-20.1631352,-42.9666824
DOMINGOS MARTINS,ESPIRITO SANTO      ,5,-20.3646483,-40.6585797
DORES DE CAMPOS,MINAS GERAIS        ,1,-21.107222,-44.0225
DORES DO INDAIA,MINAS GERAIS        ,1,-19.4636451,-45.60166
DORES DO RIO PRETO,ESPIRITO SANTO      ,1,-20.6907113,-41.846385
DOURADINA,MATO GROSSO DO SUL  ,4,-22.0402812,-54.6118292
DOURADOS,MATO GROSSO DO SUL  ,7,-22.2206145,-54.812208
DOVERLANDIA,GOIAS               ,1,-16.7210996,-52.3138104
DRACENA,SAO PAULO           ,3,-21.4835523,-51.5334408
DUMONT,SAO PAULO           ,2,-21.2391417,-47.9747665
DUQUE DE CAXIAS,RIO DE JANEIRO      ,21,-22.7896225,-43.309929
DURANDE,MINAS GERAIS        ,2,-20.2026282,-41.798777
ECHAPORA,SAO PAULO           ,1,-22.4325855,-50.2037693
ECOPORANGA,ESPIRITO SANTO      ,8,-18.3720918,-40.8321351
ELDORADO,MATO GROSSO DO SUL  ,1,-23.7838809,-54.2832024
ELDORADO,SAO PAULO           ,1,-24.522583,-48.1093489
ELDORADO DO CARAJAS,PARA                ,1,-6.1029246,-49.3572487
ELDORADO DO SUL,RIO GRANDE DO SUL,1,-29.9976311,-51.3063965
ELISIARIO,SAO PAULO           ,5,-21.1673392,-49.1111015
ELOI MENDES,MINAS GERAIS        ,3,-21.6094466,-45.5660211
EMBU DAS ARTES,SAO PAULO           ,26,-23.6495294,-46.8528497
EMBU-GUACU,SAO PAULO           ,7,-23.8317997,-46.8156204
ENEAS MARQUES,PARANA,5,-25.9435584,-53.1637539
ENTRE FOLHAS,MINAS GERAIS        ,1,-19.6258823,-42.2328975
ENTRE RIOS DE MINAS,MINAS GERAIS        ,2,-20.670834,-44.065556
ERVALIA,MINAS GERAIS        ,3,-20.8377232,-42.6559789
ESCADA,PERNAMBUCO          ,1,-8.3623847,-35.2366232
ESMERALDAS,MINAS GERAIS        ,2,-19.7613111,-44.3145945
ESPERA FELIZ,MINAS GERAIS        ,3,-20.6494192,-41.9080693
ESPERANCA,PARAIBA             ,1,-7.018517,-35.852193
ESPIRITO SANTO DO PINHAL,SAO PAULO           ,8,-22.1929522,-46.7470021
ESPLANADA,BAHIA               ,5,-11.800614,-37.9453
ESTANCIA VELHA,RIO GRANDE DO SUL,1,-29.6529666,-51.1719687
ESTEIO,RIO GRANDE DO SUL,6,-29.8511627,-51.1778852
ESTIVA,MINAS GERAIS        ,5,-22.4638686,-46.0182101
ESTIVA GERBI,SAO PAULO           ,2,-22.2742719,-46.9523302
ESTRELA DALVA,MINAS GERAIS        ,1,-21.741666,-42.460833
ESTRELA DE ALAGOAS,ALAGOAS             ,2,-9.3888972,-36.7616833
ESTRELA VELHA,RIO GRANDE DO SUL,1,-29.1775802,-53.1597523
EUNAPOLIS,BAHIA               ,1,-16.3766148,-39.586449
EWBANK DA CAMARA,MINAS GERAIS        ,1,-21.551389,-43.509722
EXTREMA,MINAS GERAIS        ,3,-22.8548355,-46.3184553
EXU,PERNAMBUCO          ,6,-7.515434,-39.722015
FARROUPILHA,RIO GRANDE DO SUL,2,-29.22647,-51.3468188
FAXINAL,PARANA,1,-24.001212,-51.3222727
FAXINAL DO SOTURNO,RIO GRANDE DO SUL,1,-29.5771687,-53.445804
FAZENDA NOVA,GOIAS               ,5,-16.185602,-50.7795674
FAZENDA RIO GRANDE,PARANA,15,-25.645841,-49.3126653
FEIRA DE SANTANA,BAHIA               ,2,-12.2578934,-38.9598047
FELICIO DOS SANTOS,MINAS GERAIS        ,1,-18.0765035,-43.2471128
FELIXLANDIA,MINAS GERAIS        ,4,-18.7573983,-44.8991465
FERNANDES TOURINHO,MINAS GERAIS        ,1,-19.152778,-42.083056
FERNANDOPOLIS,SAO PAULO           ,1,-20.2825647,-50.2500762
FERRAZ DE VASCONCELOS,SAO PAULO           ,19,-23.541056,-46.37097
FERROS,MINAS GERAIS        ,4,-19.234984,-43.019542
FERVEDOURO,MINAS GERAIS        ,4,-20.7295764,-42.2792737
FIGUEIRA,PARANA,4,-23.8481018,-50.4059875
FIRMINOPOLIS,GOIAS               ,1,-16.5753264,-50.3011286
FLOREAL,SAO PAULO           ,1,-20.6767063,-50.1455638
FLORESTAL,MINAS GERAIS        ,1,-19.8878705,-44.4314766
FLORIANO,PIAUI               ,1,-6.7675739,-43.022261
FLORIANOPOLIS,SANTA CATARINA,20,-27.5973002,-48.5496098
FLORIDA PAULISTA,SAO PAULO           ,2,-21.614061,-51.1729548
FORMIGA,MINAS GERAIS        ,19,-20.4648425,-45.4266753
FORTALEZA,CEARA               ,71,-3.7304512,-38.5217989
FORTALEZA DE MINAS,MINAS GERAIS        ,2,-20.849166,-46.712222
FOZ DO IGUACU,PARANA,6,-25.5304023,-54.5830692
FRAIBURGO,SANTA CATARINA,3,-27.023288,-50.919978
FRANCA,SAO PAULO           ,59,-20.5381768,-47.4009795
FRANCISCO BADARO,MINAS GERAIS        ,1,-16.9917524,-42.350899
FRANCISCO BELTRAO,PARANA,10,-26.0790979,-53.0533527
FRANCISCO DUMONT,MINAS GERAIS        ,1,-17.3117541,-44.2322232
FRANCISCO MORATO,SAO PAULO           ,5,-23.2817308,-46.7448996
FRANCISCO SA,MINAS GERAIS        ,3,-16.4777211,-43.4942587
FRANCO DA ROCHA,SAO PAULO           ,6,-23.3328038,-46.724446
FREDERICO WESTPHALEN,RIO GRANDE DO SUL,7,-27.35711,-53.3964117
FRUTAL,MINAS GERAIS        ,10,-20.0220064,-48.9280076
FUNDAO,ESPIRITO SANTO      ,1,-19.9532531,-40.3779176
FUNILANDIA,MINAS GERAIS        ,1,-19.3711961,-44.0599481
GALIA,SAO PAULO           ,3,-22.2936976,-49.5516228
GALVAO,SANTA CATARINA,1,-26.4553595,-52.6869755
GARANHUNS,PERNAMBUCO          ,2,-8.8905889,-36.4930896
GARCA,SAO PAULO           ,4,-22.2125766,-49.6547994
GARIBALDI,RIO GRANDE DO SUL,3,-29.2562253,-51.5269167
GASPAR,SANTA CATARINA,5,-26.9307306,-48.9566824
GETULINA,SAO PAULO           ,3,-21.7988557,-49.9288096
GETULIO VARGAS,RIO GRANDE DO SUL,1,-27.8871493,-52.2257967
GIRAU DO PONCIANO,ALAGOAS             ,4,-9.884041,-36.831592
GLORIA DE DOURADOS,MATO GROSSO DO SUL  ,2,-22.4173731,-54.2313391
GLORIA DO GOITA,PERNAMBUCO          ,2,-7.999959,-35.2866116
GOIANDIRA,GOIAS               ,3,-18.1355157,-48.087163
GOIANIA,GOIAS               ,53,-16.680882,-49.2532691
GOIATUBA,GOIAS               ,1,-18.0154577,-49.3640591
GOIOERE,PARANA,1,-24.1851885,-53.0250623
GOIOXIM,PARANA,1,-25.1987274,-51.9924229
GOUVEIA,MINAS GERAIS        ,2,-18.4545728,-43.7415904
GOVERNADOR CELSO RAMOS,SANTA CATARINA,2,-27.317161,-48.557608
GOVERNADOR LINDENBERG,ESPIRITO SANTO      ,4,-19.250788,-40.4630612
GOVERNADOR VALADARES,MINAS GERAIS        ,15,-18.8574388,-41.9439184
GRACCHO CARDOSO,SERGIPE             ,1,-10.2288836,-37.1966376
GRAMADO,RIO GRANDE DO SUL,1,-29.3792858,-50.8737019
GRANJA,CEARA               ,3,-3.1212057,-40.8284124
GRAO MOGOL,MINAS GERAIS        ,3,-16.5634214,-42.8929185
GRAVATA,PERNAMBUCO          ,3,-8.1990607,-35.562989
GRAVATAI,RIO GRANDE DO SUL,7,-29.9440222,-50.9930938
GUABIRUBA,SANTA CATARINA,4,-27.0864326,-48.9781319
GUACUI,ESPIRITO SANTO      ,2,-20.7718645,-41.6754813
GUAIBA,RIO GRANDE DO SUL,3,-30.1130731,-51.329442
GUAICARA,SAO PAULO           ,1,-21.6213012,-49.7962941
GUAJARA,AMAZONAS            ,1,-7.5455927,-72.5832769
GUAJERU,BAHIA               ,3,-14.5464079,-41.9379047
GUANAMBI,BAHIA               ,3,-14.223066,-42.779943
GUANHAES,MINAS GERAIS        ,1,-18.7753627,-42.9340634
GUAPE,MINAS GERAIS        ,2,-20.7619937,-45.9176017
GUAPIARA,SAO PAULO           ,8,-24.18921,-48.529549
GUAPORE,RIO GRANDE DO SUL,1,-28.8471928,-51.8907881
GUARACI,SAO PAULO           ,1,-20.4976771,-48.9452074
GUARACIABA,MINAS GERAIS        ,8,-20.5718037,-43.0057078
GUARANESIA,MINAS GERAIS        ,2,-21.3024827,-46.7956962
GUARANIACU,PARANA,1,-25.10035,-52.867811
GUARAPARI,ESPIRITO SANTO      ,7,-20.6718755,-40.4984617
GUARAPUAVA,PARANA,5,-25.3950986,-51.4622016
GUARARAPES,SAO PAULO           ,3,-21.2542739,-50.6440083
GUARAREMA,SAO PAULO           ,5,-23.4136776,-46.0383744
GUARATINGUETA,SAO PAULO           ,19,-22.8057839,-45.1908926
GUARATUBA,PARANA,6,-25.8806192,-48.5750905
GUARIBA,SAO PAULO           ,4,-21.35938,-48.23158
GUARUJA,SAO PAULO           ,15,-23.9927768,-46.2558332
GUARULHOS,SAO PAULO           ,91,-23.4675941,-46.5277704
GUATAMBU,SANTA CATARINA,11,-27.1123166,-52.7808261
GUAXUPE,MINAS GERAIS        ,6,-21.3087615,-46.7190609
GUIDOVAL,MINAS GERAIS        ,2,-21.1514477,-42.7997151
GUIMARANIA,MINAS GERAIS        ,3,-18.8442251,-46.7925141
GURUPI,TOCANTINS           ,7,-11.72794,-49.068046
HERVAL DOESTE,SANTA CATARINA,1,-26.9261196,-49.1224761
HORIZONTE,CEARA               ,3,-4.0964618,-38.4965574
HORTOLANDIA,SAO PAULO           ,9,-22.8620175,-47.2164219
HUMAITA,RIO GRANDE DO SUL,3,-27.5660564,-53.9719817
IACANGA,SAO PAULO           ,18,-21.8928341,-49.0226082
IARAS,SAO PAULO           ,1,-22.8742567,-49.1593923
IBAITI,PARANA,1,-23.8452962,-50.1905666
IBATE,SAO PAULO           ,1,-21.9562015,-48.0007848
IBERTIOGA,MINAS GERAIS        ,7,-21.431111,-43.966111
IBIA,MINAS GERAIS        ,4,-19.4771843,-46.5386956
IBIAI,MINAS GERAIS        ,1,-16.861111,-44.913889
IBICARAI,BAHIA               ,1,-14.8625311,-39.5890865
IBIMIRIM,PERNAMBUCO          ,3,-8.5379259,-37.6941375
IBIPITANGA,BAHIA               ,3,-12.880435,-42.485568
IBIPORA,PARANA,8,-23.2684137,-51.0475907
IBIRA,SAO PAULO           ,1,-21.0815104,-49.2424619
IBIRACI,MINAS GERAIS        ,2,-20.461944,-47.122223
IBIRACU,ESPIRITO SANTO      ,4,-19.8309496,-40.3686594
IBIRAIARAS,RIO GRANDE DO SUL,1,-28.3705672,-51.6366969
IBIRAJUBA,PERNAMBUCO          ,1,-8.5795521,-36.178045
IBIRAREMA,SAO PAULO           ,1,-22.8131812,-50.0720477
IBIRITE,MINAS GERAIS        ,18,-20.0214251,-44.0621506
IBIRUBA,RIO GRANDE DO SUL,4,-28.630161,-53.096124
IBITINGA,SAO PAULO           ,1,-21.75623,-48.831903
IBITIRAMA,ESPIRITO SANTO      ,1,-20.5394377,-41.6644451
IBITIURA DE MINAS,MINAS GERAIS        ,2,-22.060833,-46.439722
IBIUNA,SAO PAULO           ,6,-23.6544825,-47.220856
ICONHA,ESPIRITO SANTO      ,60,-20.7935003,-40.8108852
IEPE,SAO PAULO           ,1,-22.660165,-51.077881
IGACI,ALAGOAS             ,1,-9.537678,-36.637191
IGARACU DO TIETE,SAO PAULO           ,3,-22.5165369,-48.5582558
IGARAPAVA,SAO PAULO           ,5,-20.0411748,-47.7476682
IGARAPE,MINAS GERAIS        ,3,-20.068789,-44.3017439
IGARASSU,PERNAMBUCO          ,1,-7.8354423,-34.9061125
IGARATA,SAO PAULO           ,1,-23.2063475,-46.156934
IGUABA GRANDE,RIO DE JANEIRO      ,3,-22.8388498,-42.2286746
IGUAPE,SAO PAULO           ,2,-24.7042692,-47.5563733
IGUARACU,PARANA,5,-23.1972911,-51.8244524
IGUARACY,PERNAMBUCO          ,1,-7.8363415,-37.5140407
IGUATU,CEARA               ,1,-6.361934,-39.2972233
IJACI,MINAS GERAIS        ,3,-21.1700929,-44.9280621
IJUI,RIO GRANDE DO SUL,1,-28.3878734,-53.9201692
ILHA COMPRIDA,SAO PAULO           ,2,-24.7445292,-47.5525529
ILHA SOLTEIRA,SAO PAULO           ,4,-20.4281001,-51.3410871
ILHEUS,BAHIA               ,2,-14.792599,-39.0453843
ILHOTA,SANTA CATARINA,2,-26.9022824,-48.8284968
ILICINEA,MINAS GERAIS        ,3,-20.9390196,-45.8263558
IMBAU,PARANA,2,-24.447597,-50.7557188
IMBE,RIO GRANDE DO SUL,3,-29.975269,-50.128068
IMBITUVA,PARANA,3,-25.2293338,-50.6051002
INACIO MARTINS,PARANA,1,-25.5725435,-51.0764637
INCONFIDENTES,MINAS GERAIS        ,6,-22.3168866,-46.3279182
INDAIABIRA,MINAS GERAIS        ,1,-15.4921781,-42.1971235
INDAIAL,SANTA CATARINA,6,-26.8901747,-49.2416736
INDAIATUBA,SAO PAULO           ,15,-23.0908356,-47.2180677
INDIARA,GOIAS               ,2,-17.1387389,-49.9861621
INGA,PARAIBA             ,1,-7.2904513,-35.6109945
INGAI,MINAS GERAIS        ,2,-21.400833,-44.917223
INHAMBUPE,BAHIA               ,5,-11.7921718,-38.3596957
INHAPIM,MINAS GERAIS        ,2,-19.5501834,-42.1209879
INIMUTABA,MINAS GERAIS        ,3,-18.7301732,-44.3623971
IPABA,MINAS GERAIS        ,2,-19.411389,-42.42
IPAMERI,GOIAS               ,3,-17.7215439,-48.158118
IPATINGA,MINAS GERAIS        ,12,-19.4777807,-42.5270802
IPAUSSU,SAO PAULO           ,1,-23.0544285,-49.6264306
IPIGUA,SAO PAULO           ,1,-20.657282,-49.3881146
IPIRANGA,PARANA,3,-25.0239759,-50.5854615
IPIRANGA DO NORTE,MATO GROSSO         ,2,-12.2408004,-56.1531011
IPORA,GOIAS               ,2,-16.4407981,-51.1181188
IPORA DO OESTE,SANTA CATARINA,1,-26.9884305,-53.5345628
IPORANGA,SAO PAULO           ,6,-24.5843214,-48.594028
IPU,CEARA               ,1,-4.3239824,-40.7097463
IPUA,SAO PAULO           ,2,-20.4441839,-48.012504
IPUIUNA,MINAS GERAIS        ,2,-22.0993203,-46.1896557
IPUMIRIM,SANTA CATARINA,2,-27.0762287,-52.135736
IRACEMAPOLIS,SAO PAULO           ,2,-22.5869091,-47.5160966
IRAI,RIO GRANDE DO SUL,1,-27.1955392,-53.256791
IRANI,SANTA CATARINA,4,-27.0230476,-51.9010675
IRATI,PARANA,36,-25.469663,-50.649287
IRINEOPOLIS,SANTA CATARINA,2,-26.242006,-50.795687
IRITUIA,PARA                ,1,-1.7709543,-47.4399687
IRUPI,ESPIRITO SANTO      ,5,-20.346479,-41.6392581
ITA,SANTA CATARINA,5,-27.275006,-52.3381725
ITABAIANA,SERGIPE             ,1,-10.6856197,-37.4270517
ITABERA,SAO PAULO           ,1,-23.8621345,-49.1398926
ITABERABA,BAHIA               ,2,-12.524182,-40.305897
ITABIRA,MINAS GERAIS        ,21,-19.6190169,-43.226248
ITABIRITO,MINAS GERAIS        ,13,-20.2519724,-43.8029171
ITABUNA,BAHIA               ,5,-14.793173,-39.2750341
ITACARAMBI,MINAS GERAIS        ,3,-15.1,-44.092222
ITACOATIARA,AMAZONAS            ,2,-3.1477898,-58.4461041
ITAGUAI,RIO DE JANEIRO      ,6,-22.8122697,-43.823563
ITAGUARA,MINAS GERAIS        ,5,-20.391389,-44.488055
ITAGUARI,GOIAS               ,1,-15.9180439,-49.6070841
ITAI,SAO PAULO           ,2,-23.4172598,-49.0935788
ITAIOPOLIS,SANTA CATARINA,1,-26.3391899,-49.9071983
ITAITINGA,CEARA               ,1,-3.965768,-38.529763
ITAJAI,SANTA CATARINA,9,-26.9046787,-48.6552979
ITAJOBI,SAO PAULO           ,9,-21.312294,-49.0596336
ITAJUBA,MINAS GERAIS        ,15,-22.4238234,-45.4524156
ITAMARAJU,BAHIA               ,1,-17.0340092,-39.5315525
ITAMARANDIBA,MINAS GERAIS        ,1,-17.8574369,-42.8596742
ITAMBACURI,MINAS GERAIS        ,2,-18.0391974,-41.6751876
ITAMBE DO MATO DENTRO,MINAS GERAIS        ,3,-19.4144399,-43.3223059
ITAMOGI,MINAS GERAIS        ,1,-21.0793213,-47.048612
ITAMONTE,MINAS GERAIS        ,1,-22.2830726,-44.8695785
ITANHAEM,SAO PAULO           ,13,-24.1833421,-46.7896229
ITANHANDU,MINAS GERAIS        ,5,-22.2957913,-44.9366732
ITANHOMI,MINAS GERAIS        ,1,-19.171111,-41.864167
ITAOBIM,MINAS GERAIS        ,1,-16.5614934,-41.502275
ITAOCA,SAO PAULO           ,3,-24.6409691,-48.8410159
ITAPACI,GOIAS               ,3,-14.9522349,-49.5511221
ITAPARICA,BAHIA               ,3,-12.8936023,-38.6798141
ITAPECERICA,MINAS GERAIS        ,5,-20.472778,-45.125556
ITAPECERICA DA SERRA,SAO PAULO           ,13,-23.7176303,-46.8492435
ITAPEMA,SANTA CATARINA,1,-27.09472,-48.6137778
ITAPERUNA,RIO DE JANEIRO      ,6,-21.215816,-41.879813
ITAPETINGA,BAHIA               ,2,-15.2454478,-40.2460053
ITAPETININGA,SAO PAULO           ,11,-23.588607,-48.048326
ITAPEVA,SAO PAULO           ,11,-23.9849105,-48.8803886
ITAPEVI,SAO PAULO           ,5,-23.54888,-46.933889
ITAPIRA,SAO PAULO           ,10,-22.436111,-46.821667
ITAPOA,SANTA CATARINA,4,-26.1162431,-48.6180177
ITAPOLIS,SAO PAULO           ,3,-21.5958368,-48.8122696
ITAPORA,MATO GROSSO DO SUL  ,4,-22.0799142,-54.7874239
ITAPORANGA,SAO PAULO           ,2,-23.7066252,-49.4895934
ITAPUI,SAO PAULO           ,1,-22.2346755,-48.7189744
ITAPURA,SAO PAULO           ,1,-20.6435211,-51.5084479
ITAPURANGA,GOIAS               ,1,-15.5605889,-49.9489571
ITAQUAQUECETUBA,SAO PAULO           ,23,-23.4754492,-46.3514033
ITAQUI,RIO GRANDE DO SUL,2,-29.1222037,-56.5551258
ITARANA,ESPIRITO SANTO      ,7,-19.8748185,-40.8762716
ITARANTIM,BAHIA               ,1,-15.654591,-40.0601332
ITARARE,SAO PAULO           ,1,-24.1145368,-49.3352464
ITATIAIA,RIO DE JANEIRO      ,4,-22.4955278,-44.5633108
ITATIBA,SAO PAULO           ,21,-23.0055542,-46.8397726
ITATIM,BAHIA               ,1,-12.7073174,-39.6974476
ITAU DE MINAS,MINAS GERAIS        ,6,-20.739722,-46.752222
ITAUNA,MINAS GERAIS        ,4,-20.075556,-44.576389
ITINGA,MINAS GERAIS        ,2,-16.6066757,-41.7702077
ITIRUCU,BAHIA               ,1,-13.5338389,-40.1502444
ITOBI,SAO PAULO           ,3,-21.730853,-46.9743
ITORORO,BAHIA               ,3,-15.1179764,-40.0680738
ITU,SAO PAULO           ,25,-23.2637798,-47.2998462
ITUIUTABA,MINAS GERAIS        ,1,-18.9691887,-49.4639335
ITURAMA,MINAS GERAIS        ,7,-19.7272733,-50.193488
ITUTINGA,MINAS GERAIS        ,9,-21.297383,-44.6575084
ITUVERAVA,SAO PAULO           ,4,-20.3366604,-47.7797924
IVATE,PARANA,1,-23.4084656,-53.3698352
IVINHEMA,MATO GROSSO DO SUL  ,1,-22.302254,-53.8276006
IVORA,RIO GRANDE DO SUL,2,-29.5196814,-53.5804505
JABOATAO DOS GUARARAPES,PERNAMBUCO          ,3,-8.1752476,-34.9468716
JABOTICABAL,SAO PAULO           ,8,-21.252037,-48.325223
JABOTICATUBAS,MINAS GERAIS        ,7,-19.521667,-43.745277
JACARACI,BAHIA               ,12,-14.8457532,-42.4328959
JACAREI,SAO PAULO           ,32,-23.3050682,-45.9723075
JACAREZINHO,PARANA,6,-23.1590428,-49.9739664
JACINTO,MINAS GERAIS        ,1,-16.143722,-40.2914847
JACINTO MACHADO,SANTA CATARINA,1,-28.999338,-49.7603204
JACUI,MINAS GERAIS        ,1,-21.0169567,-46.7458301
JACUTINGA,MINAS GERAIS        ,2,-22.285833,-46.612222
JAGUAPITA,PARANA,2,-23.1102516,-51.5327741
JAGUARE,ESPIRITO SANTO      ,1,-18.9058375,-40.0710964
JAGUARIAIVA,PARANA,3,-24.2589699,-49.7201518
JAGUARIUNA,SAO PAULO           ,4,-22.70374,-46.985062
JAIBA,MINAS GERAIS        ,1,-15.3373744,-43.6734439
JAMBEIRO,SAO PAULO           ,1,-23.2556416,-45.6919926
JANAUBA,MINAS GERAIS        ,15,-15.8103735,-43.3052119
JANUARIA,MINAS GERAIS        ,4,-15.4875,-44.361111
JAPERI,RIO DE JANEIRO      ,1,-22.6427642,-43.6533831
JAPONVAR,MINAS GERAIS        ,2,-15.9980389,-44.2755057
JARAGUA DO SUL,SANTA CATARINA,15,-26.4897432,-49.0778063
JARDIM,MATO GROSSO DO SUL  ,2,-21.479941,-56.148902
JARDIM ALEGRE,PARANA,4,-24.1795192,-51.6927177
JARDINOPOLIS,SAO PAULO           ,2,-21.0255126,-47.7706807
JARINU,SAO PAULO           ,1,-23.0949649,-46.7148565
JATAI,GOIAS               ,9,-17.8856178,-51.7202967
JAU,SAO PAULO           ,9,-22.293585,-48.559193
JAURU,MATO GROSSO         ,2,-15.3407762,-58.8683137
JECEABA,MINAS GERAIS        ,5,-20.5353816,-43.983346
JEQUIE,BAHIA               ,4,-13.8604033,-40.0719627
JERIQUARA,SAO PAULO           ,3,-20.3104773,-47.5915669
JESUANIA,MINAS GERAIS        ,3,-21.997777,-45.290833
JESUITAS,PARANA,1,-24.3807263,-53.3855699
JESUPOLIS,GOIAS               ,2,-15.9545513,-49.3748004
JIJOCA DE JERICOACOARA,CEARA               ,4,-2.8986278,-40.4506081
JOAIMA,MINAS GERAIS        ,2,-16.6550626,-41.0251754
JOAO CAMARA,RIO GRANDE DO NORTE ,2,-5.5349637,-35.8150811
JOAO MONLEVADE,MINAS GERAIS        ,33,-19.809444,-43.173334
JOAO NEIVA,ESPIRITO SANTO      ,5,-19.7570307,-40.3856633
JOAO PESSOA,PARAIBA             ,42,-7.1215981,-34.882028
JOAO PINHEIRO,MINAS GERAIS        ,2,-17.742777,-46.175278
JOAQUIM FELICIO,MINAS GERAIS        ,2,-17.7602437,-44.1701635
JOAQUIM TAVORA,PARANA,1,-23.4999724,-49.9232545
JOINVILLE,SANTA CATARINA,24,-26.3044898,-48.8486726
JOSE BONIFACIO,SAO PAULO           ,2,-21.055062,-49.689233
JOVIANIA,GOIAS               ,2,-17.8063651,-49.623645
JUARA,MATO GROSSO         ,3,-11.2535587,-57.5080072
JUATUBA,MINAS GERAIS        ,3,-19.954001,-44.3407921
JUAZEIRO,BAHIA               ,3,-9.4336959,-40.5068201
JUAZEIRO DO NORTE,CEARA               ,16,-7.2153453,-39.3153336
JUCURUTU,RIO GRANDE DO NORTE ,2,-6.0343518,-37.0186249
JUIZ DE FORA,MINAS GERAIS        ,115,-21.7609533,-43.3501129
JUMIRIM,SAO PAULO           ,2,-23.0843839,-47.7882279
JUNDIAI,SAO PAULO           ,63,-23.1887668,-46.884506
JUNQUEIROPOLIS,SAO PAULO           ,4,-21.5109531,-51.4351505
JUQUIA,SAO PAULO           ,5,-24.3172209,-47.6355618
JUQUITIBA,SAO PAULO           ,6,-23.932346,-47.0714217
JUSSARA,PARANA,25,-23.621931,-52.46931
KALORE,PARANA,3,-23.8242643,-51.6683666
LAGAMAR,MINAS GERAIS        ,3,-18.1789844,-46.8077038
LAGES,SANTA CATARINA,4,-27.8165664,-50.325883
LAGOA DA PRATA,MINAS GERAIS        ,93,-20.022778,-45.5440462
LAGOA DOURADA,MINAS GERAIS        ,1,-20.914444,-44.077778
LAGOA FORMOSA,MINAS GERAIS        ,9,-18.7741896,-46.4082511
LAGOA SANTA,MINAS GERAIS        ,8,-19.6357376,-43.8966132
LAGOA SECA,PARAIBA             ,4,-7.157099,-35.8542023
LAGOINHA,SAO PAULO           ,1,-23.0898337,-45.1903825
LAJE DO MURIAE,RIO DE JANEIRO      ,4,-21.2082595,-42.1226959
LAJEADO,RIO GRANDE DO SUL,2,-29.4671522,-51.9624046
LAJEDO,PERNAMBUCO          ,1,-8.657914,-36.329336
LAJINHA,MINAS GERAIS        ,2,-20.1520595,-41.6240623
LAMBARI,MINAS GERAIS        ,6,-21.9754009,-45.3505415
LAPA,PARANA,5,-25.76709,-49.716777
LARANJA DA TERRA,ESPIRITO SANTO      ,1,-19.9000548,-41.0567612
LARANJAL,MINAS GERAIS        ,2,-21.365278,-42.477778
LARANJAL,PARANA,2,-24.8909736,-52.4726747
LARANJAL PAULISTA,SAO PAULO           ,9,-23.0514764,-47.8370125
LARANJEIRAS DO SUL,PARANA,2,-25.4073197,-52.4150132
LAURO DE FREITAS,BAHIA               ,7,-12.89242,-38.3127691
LAURO MULLER,SANTA CATARINA,1,-28.3942244,-49.3975402
LAVRAS,MINAS GERAIS        ,25,-21.2425512,-44.9991978
LEANDRO FERREIRA,MINAS GERAIS        ,1,-19.7169632,-45.0245003
LEME,SAO PAULO           ,25,-22.1844807,-47.385295
LENCOIS PAULISTA,SAO PAULO           ,3,-22.6029897,-48.8031367
LEOPOLDINA,MINAS GERAIS        ,8,-21.5314282,-42.6403534
LICINIO DE ALMEIDA,BAHIA               ,1,-14.6835152,-42.5064545
LIMA DUARTE,MINAS GERAIS        ,8,-21.842777,-43.792777
LIMEIRA,SAO PAULO           ,22,-22.5615068,-47.401766
LIMEIRA DO OESTE,MINAS GERAIS        ,7,-19.5521959,-50.5772673
LINHARES,ESPIRITO SANTO      ,8,-19.3796775,-40.0610087
LINS,SAO PAULO           ,2,-21.6741873,-49.7518932
LONDRINA,PARANA,72,-23.3112878,-51.1595023
LORENA,SAO PAULO           ,18,-22.7367652,-45.1070876
LOUVEIRA,SAO PAULO           ,1,-23.08639,-46.95056
LUCAS DO RIO VERDE,MATO GROSSO         ,1,-13.0664609,-55.9196711
LUCELIA,SAO PAULO           ,3,-21.7211293,-51.0188
LUCIANOPOLIS,SAO PAULO           ,1,-22.4310459,-49.5219241
LUIS ANTONIO,SAO PAULO           ,1,-21.5456242,-47.7813726
LUIZ ALVES,SANTA CATARINA,1,-26.7118577,-48.9126756
LUIZIANIA,SAO PAULO           ,1,-21.6763356,-50.3269863
LUMINARIAS,MINAS GERAIS        ,1,-21.5112256,-44.903813
LUZ,MINAS GERAIS        ,12,-19.7903123,-45.6818948
LUZIANIA,GOIAS               ,10,-16.2535456,-47.9500276
MACAE,RIO DE JANEIRO      ,9,-22.2828305,-41.9649091
MACAIBA,RIO GRANDE DO NORTE ,1,-5.8561372,-35.3523774
MACAJUBA,BAHIA               ,3,-12.1378565,-40.3591349
MACAPA,AMAPA               ,3,0.0401529,-51.0569588
MACAUBAS,BAHIA               ,3,-13.0174846,-42.6882221
MACEIO,ALAGOAS             ,58,-9.6476843,-35.7339264
MACHADO,MINAS GERAIS        ,8,-21.6762861,-45.9211696
MACUCO,RIO DE JANEIRO      ,1,-21.9849747,-42.2539464
MADALENA,CEARA               ,2,-4.8542961,-39.5766436
MADRE DE DEUS,BAHIA               ,1,-12.7424741,-38.6152913
MADRE DE DEUS DE MINAS,MINAS GERAIS        ,2,-21.482223,-44.329723
MAFRA,SANTA CATARINA,4,-26.1150943,-49.8035982
MAGE,RIO DE JANEIRO      ,7,-22.6042779,-43.1081091
MAIRINQUE,SAO PAULO           ,5,-23.5401247,-47.1846323
MAIRIPORA,SAO PAULO           ,13,-23.3190348,-46.5876377
MAJOR ISIDORO,ALAGOAS             ,3,-9.5045503,-37.0293521
MAJOR VIEIRA,SANTA CATARINA,2,-26.3654856,-50.3272634
MALACACHETA,MINAS GERAIS        ,2,-17.8428204,-42.0786194
MAMANGUAPE,PARAIBA             ,2,-6.833698,-35.121316
MAMBAI,GOIAS               ,6,-14.4970828,-46.1115108
MANAUS,AMAZONAS            ,37,-3.1316333,-59.9825041
MANGARATIBA,RIO DE JANEIRO      ,4,-22.9415964,-44.1181916
MANGUEIRINHA,PARANA,4,-25.9412009,-52.1740852
MANHUACU,MINAS GERAIS        ,10,-20.2574434,-42.0340769
MANHUMIRIM,MINAS GERAIS        ,2,-20.3599141,-41.9554606
MANTENOPOLIS,ESPIRITO SANTO      ,2,-18.8626177,-41.1224012
MARACAI,SAO PAULO           ,4,-22.6112679,-50.6670685
MARACAJU,MATO GROSSO DO SUL  ,2,-21.6163005,-55.164605
MARACANAU,CEARA               ,4,-3.8779438,-38.6247697
MARANGUAPE,CEARA               ,4,-3.8922967,-38.6835427
MARAPANIM,PARA                ,1,-0.7134493,-47.6985381
MARATAIZES,ESPIRITO SANTO      ,2,-21.0443673,-40.8272204
MARAU,RIO GRANDE DO SUL,9,-28.4493053,-52.2002156
MARAVILHAS,MINAS GERAIS        ,2,-19.515278,-44.676389
MARECHAL CANDIDO RONDON,PARANA,2,-24.5582532,-54.0587821
MARECHAL DEODORO,ALAGOAS             ,8,-9.709715,-35.896731
MARECHAL FLORIANO,ESPIRITO SANTO      ,5,-20.4124966,-40.6749858
MARI,PARAIBA             ,9,-7.0580611,-35.3184163
MARIA HELENA,PARANA,2,-23.6139395,-53.206135
MARIALVA,PARANA,1,-23.4820987,-51.795788
MARIANA,MINAS GERAIS        ,18,-20.3781468,-43.4174862
MARIAPOLIS,SAO PAULO           ,1,-21.7966708,-51.1831475
MARIBONDO,ALAGOAS             ,1,-9.5808649,-36.3040574
MARICA,RIO DE JANEIRO      ,8,-22.9088759,-42.8171914
MARILAC,MINAS GERAIS        ,1,-18.5075,-42.080278
MARILANDIA,ESPIRITO SANTO      ,4,-19.4117824,-40.5442916
MARILANDIA DO SUL,PARANA,1,-23.7462425,-51.3021452
MARILENA,PARANA,2,-22.7358333,-53.04
MARILIA,SAO PAULO           ,10,-22.2172002,-49.9500061
MARINGA,PARANA,22,-23.425269,-51.9382078
MARIO CAMPOS,MINAS GERAIS        ,1,-20.0511,-44.1858
MARIPA DE MINAS,MINAS GERAIS        ,3,-21.6975,-42.959167
MARMELEIRO,PARANA,1,-26.1472,-53.026741
MARTINOPOLE,CEARA               ,1,-3.2235114,-40.6958832
MARTINOPOLIS,SAO PAULO           ,2,-22.146153,-51.170949
MARTINS SOARES,MINAS GERAIS        ,3,-20.2574182,-41.8771753
MASSARANDUBA,SANTA CATARINA,3,-26.610868,-49.005351
MATAO,SAO PAULO           ,8,-21.6033611,-48.3660603
MATELANDIA,PARANA,7,-25.2404183,-53.9835004
MATERLANDIA,MINAS GERAIS        ,2,-18.473889,-43.06
MATEUS LEME,MINAS GERAIS        ,6,-19.986666,-44.428056
MATIAS BARBOSA,MINAS GERAIS        ,2,-21.8691643,-43.3180624
MATIPO,MINAS GERAIS        ,7,-20.2896695,-42.3426599
MATOZINHOS,MINAS GERAIS        ,5,-19.5576547,-44.0816035
MATRINCHA,GOIAS               ,2,-15.4357441,-50.749268
MAUA,SAO PAULO           ,19,-23.6669527,-46.4616922
MAUES,AMAZONAS            ,1,-3.3795798,-57.7196072
MEDEIROS NETO,BAHIA               ,4,-17.3728243,-40.2203882
MEDIANEIRA,PARANA,1,-25.2954233,-54.0940666
MENDES,RIO DE JANEIRO      ,1,-22.5269113,-43.7332604
MENDONCA,SAO PAULO           ,2,-21.1838813,-49.579059
MERCES,MINAS GERAIS        ,1,-21.1947265,-43.3407272
MESQUITA,MINAS GERAIS        ,2,-19.221027,-42.6071142
MESQUITA,RIO DE JANEIRO      ,5,-22.783092,-43.4293599
MIGUEL LEAO,PIAUI               ,2,-5.7099281,-42.6407654
MIGUEL PEREIRA,RIO DE JANEIRO      ,3,-22.5309482,-43.5166051
MIGUELOPOLIS,SAO PAULO           ,4,-20.179612,-48.030997
MILAGRES,BAHIA               ,1,-12.864635,-39.861092
MINAS NOVAS,MINAS GERAIS        ,2,-17.2174817,-42.5948698
MINDURI,MINAS GERAIS        ,2,-21.6817218,-44.6036995
MINEIROS,GOIAS               ,4,-17.5653879,-52.5536721
MIRADOURO,MINAS GERAIS        ,9,-20.8905837,-42.3434785
MIRAI,MINAS GERAIS        ,3,-21.1957417,-42.6125153
MIRANDA,MATO GROSSO DO SUL  ,10,-20.2401082,-56.3844728
MIRANDOPOLIS,SAO PAULO           ,7,-21.1328313,-51.1029422
MIRANGABA,BAHIA               ,1,-10.9540277,-40.5764152
MIRASSOL,SAO PAULO           ,4,-20.8141411,-49.507449
MOCOCA,SAO PAULO           ,19,-21.464731,-47.002405
MOEDA,MINAS GERAIS        ,1,-20.333056,-44.0525
MOEMA,MINAS GERAIS        ,5,-19.8435409,-45.4106241
MOGEIRO,PARAIBA             ,2,-7.3019003,-35.4782749
MOGI DAS CRUZES,SAO PAULO           ,55,-23.5234284,-46.1926671
MOGI GUACU,SAO PAULO           ,13,-22.372222,-46.9425
MOGI MIRIM,SAO PAULO           ,23,-22.433123,-46.958246
MONCAO,MARANHAO            ,3,-3.4842036,-45.2515472
MONDAI,SANTA CATARINA,1,-27.1020777,-53.399242
MONGAGUA,SAO PAULO           ,4,-24.0959454,-46.6234361
MONSENHOR PAULO,MINAS GERAIS        ,2,-21.757778,-45.541111
MONTE ALEGRE DO SUL,SAO PAULO           ,1,-22.681861,-46.6798783
MONTE ALEGRE DOS CAMPOS,RIO GRANDE DO SUL,3,-28.6840498,-50.7820322
MONTE ALTO,SAO PAULO           ,5,-21.265545,-48.497066
MONTE BELO,MINAS GERAIS        ,14,-21.3225052,-46.3649768
MONTE CARMELO,MINAS GERAIS        ,3,-18.7260939,-47.4958859
MONTE CASTELO,SANTA CATARINA,2,-26.460989,-50.232724
MONTE MOR,SAO PAULO           ,1,-22.945043,-47.312182
MONTE SANTO DE MINAS,MINAS GERAIS        ,2,-21.189722,-46.98
MONTE SIAO,MINAS GERAIS        ,3,-22.432778,-46.572778
MONTEIRO LOBATO,SAO PAULO           ,4,-22.9553542,-45.8387146
MONTENEGRO,RIO GRANDE DO SUL,2,-29.6826112,-51.4687455
MONTES CLAROS,MINAS GERAIS        ,13,-16.7495727,-43.8687268
MORAUJO,CEARA               ,1,-3.4657654,-40.679146
MORRETES,PARANA,1,-25.4768503,-48.8322501
MORRINHOS,GOIAS               ,6,-17.7333689,-49.105908
MORRO DA GARCA,MINAS GERAIS        ,1,-18.5435188,-44.6030199
MORTUGABA,BAHIA               ,3,-15.0225777,-42.3692646
MOSSORO,RIO GRANDE DO NORTE ,1,-5.1904332,-37.3443872
MOSTARDAS,RIO GRANDE DO SUL,1,-31.10538,-50.916692
MUCUM,RIO GRANDE DO SUL,1,-29.1672546,-51.8745312
MUNDO NOVO,BAHIA               ,2,-11.8573859,-40.4731656
MUNHOZ DE MELO,PARANA,3,-23.1305703,-51.7276729
MUNIZ FREIRE,ESPIRITO SANTO      ,5,-20.4636068,-41.4137007
MUQUI,ESPIRITO SANTO      ,1,-20.9509368,-41.3444285
MURIAE,MINAS GERAIS        ,16,-21.1313485,-42.3628918
MUZAMBINHO,MINAS GERAIS        ,3,-21.3684325,-46.522317
NACIP RAYDAN,MINAS GERAIS        ,2,-18.4575634,-42.2496073
NANUQUE,MINAS GERAIS        ,3,-17.8393915,-40.3494631
NAO-ME-TOQUE,RIO GRANDE DO SUL,1,-28.4575507,-52.8196547
NATAL,RIO GRANDE DO NORTE ,22,-5.805398,-35.2080905
NATERCIA,MINAS GERAIS        ,2,-22.12,-45.511389
NAVIRAI,MATO GROSSO DO SUL  ,2,-23.0622152,-54.2018319
NAZARE DO PIAUI,PIAUI               ,1,-7.046236,-42.7678113
NAZARE PAULISTA,SAO PAULO           ,5,-23.1819309,-46.3992986
NAZARENO,MINAS GERAIS        ,7,-21.2189807,-44.6151354
NEPOMUCENO,MINAS GERAIS        ,14,-21.232744,-45.2352276
NEROPOLIS,GOIAS               ,1,-16.4069816,-49.219438
NHAMUNDA,AMAZONAS            ,1,-2.1921521,-56.7111308
NHANDEARA,SAO PAULO           ,1,-20.6943324,-50.0406028
NILOPOLIS,RIO DE JANEIRO      ,4,-22.8080114,-43.4138222
NINA RODRIGUES,MARANHAO            ,2,-3.467884,-43.91342
NINHEIRA,MINAS GERAIS        ,1,-15.318813,-41.7540325
NISIA FLORESTA,RIO GRANDE DO NORTE ,1,-6.0902674,-35.2085026
NITEROI,RIO DE JANEIRO      ,45,-22.8884,-43.1147
NOBRES,MATO GROSSO         ,1,-14.7196233,-56.3351314
NONOAI,RIO GRANDE DO SUL,1,-27.3660882,-52.7717853
NOVA ALIANCA,SAO PAULO           ,1,-21.0163728,-49.4981128
NOVA AMERICA,GOIAS               ,1,-15.0205889,-49.8952971
NOVA ANDRADINA,MATO GROSSO DO SUL  ,2,-22.2477565,-53.3480621
NOVA ARACA,RIO GRANDE DO SUL,1,-28.6604116,-51.7424776
NOVA AURORA,GOIAS               ,1,-18.0596519,-48.255172
NOVA AURORA,PARANA,1,-24.5282336,-53.2576703
NOVA BASSANO,RIO GRANDE DO SUL,2,-28.7304074,-51.7034689
NOVA CASTILHO,SAO PAULO           ,2,-20.7638386,-50.3427479
NOVA ERA,MINAS GERAIS        ,5,-19.766111,-43.036944
NOVA FRIBURGO,RIO DE JANEIRO      ,32,-22.3061661,-42.4934183
NOVA HARTZ,RIO GRANDE DO SUL,4,-29.5842391,-50.9043246
NOVA IGUACU,RIO DE JANEIRO      ,11,-22.7592175,-43.4508728
NOVA LIMA,MINAS GERAIS        ,16,-19.9854089,-43.8470691
NOVA ODESSA,SAO PAULO           ,7,-22.7805746,-47.2993805
NOVA OLINDA,PARAIBA             ,4,-7.4782417,-38.0404379
NOVA PRATA,RIO GRANDE DO SUL,3,-28.7849383,-51.6091999
NOVA RESENDE,MINAS GERAIS        ,1,-21.1263862,-46.424537
NOVA SANTA RITA,RIO GRANDE DO SUL,8,-29.8489972,-51.2764275
NOVA SERRANA,MINAS GERAIS        ,8,-19.875834,-44.984166
NOVA UNIAO,MINAS GERAIS        ,1,-19.6901893,-43.580107
NOVA VENECIA,ESPIRITO SANTO      ,4,-18.7082544,-40.4000087
NOVA XAVANTINA,MATO GROSSO         ,1,-14.6794165,-52.351994
NOVO BRASIL,GOIAS               ,4,-16.0337152,-50.7112124
NOVO CRUZEIRO,MINAS GERAIS        ,3,-17.4674406,-41.8767107
NOVO GAMA,GOIAS               ,2,-16.0496528,-48.0304615
NOVO HAMBURGO,RIO GRANDE DO SUL,4,-29.6905705,-51.1429035
NOVO HORIZONTE,SANTA CATARINA,1,-26.4465656,-52.8319931
NOVO HORIZONTE,SAO PAULO           ,1,-21.4674564,-49.2235377
NOVO HORIZONTE DO NORTE,MATO GROSSO         ,1,-11.3904019,-57.3159067
NOVO ITACOLOMI,PARANA,1,-23.7635774,-51.5076578
NUPORANGA,SAO PAULO           ,9,-20.730877,-47.7522561
OCAUCU,SAO PAULO           ,1,-22.4396255,-49.9226712
OLIMPIA,SAO PAULO           ,2,-20.736634,-48.910625
OLINDA,PERNAMBUCO          ,11,-7.9986401,-34.8459552
OLIVEIRA,MINAS GERAIS        ,6,-20.6971953,-44.8273969
OLIVEIRA FORTES,MINAS GERAIS        ,2,-21.3391156,-43.4577139
ORIXIMINA,PARA                ,1,-1.7669992,-55.868285
ORIZONA,GOIAS               ,1,-17.0333812,-48.2963748
ORLANDIA,SAO PAULO           ,11,-20.720278,-47.886667
ORLEANS,SANTA CATARINA,1,-28.3572698,-49.2872434
OROCO,PERNAMBUCO          ,6,-8.6147578,-39.6036988
ORTIGUEIRA,PARANA,1,-24.2088891,-50.925043
OSASCO,SAO PAULO           ,84,-23.5324859,-46.7916801
OSORIO,RIO GRANDE DO SUL,3,-29.8890733,-50.2740498
OSVALDO CRUZ,SAO PAULO           ,5,-21.7962773,-50.879119
OTACILIO COSTA,SANTA CATARINA,1,-27.4832304,-50.1195204
OUREM,PARA                ,1,-1.5489964,-47.1174572
OURICURI,PERNAMBUCO          ,1,-7.884432,-40.0833221
OURINHOS,SAO PAULO           ,10,-22.9777918,-49.868204
OURO,SANTA CATARINA,3,-27.3389051,-51.6137785
OURO BRANCO,MINAS GERAIS        ,8,-20.5222413,-43.6917283
OURO FINO,MINAS GERAIS        ,4,-22.283056,-46.369167
OURO PRETO,MINAS GERAIS        ,32,-20.385527,-43.5035214
OURO PRETO DO OESTE,RONDONIA            ,1,-10.717914,-62.2566611
OUROESTE,SAO PAULO           ,1,-20.0013584,-50.3736414
PACAEMBU,SAO PAULO           ,2,-21.566243,-51.2633114
PACAJUS,CEARA               ,2,-4.171073,-38.464988
PACATUBA,CEARA               ,2,-3.9841,-38.6180383
PACO DO LUMIAR,MARANHAO            ,3,-2.5329055,-44.1591965
PADRE CARVALHO,MINAS GERAIS        ,1,-16.3647,-42.515
PAINEIRAS,MINAS GERAIS        ,3,-18.904167,-45.534722
PALHOCA,SANTA CATARINA,23,-27.6447774,-48.6646323
PALMARES,PERNAMBUCO          ,1,-8.684226,-35.589032
PALMAS,TOCANTINS           ,77,-10.1837852,-48.3336423
PALMEIRA,PARANA,4,-25.4269718,-49.9987787
PALMEIRA DAS MISSOES,RIO GRANDE DO SUL,2,-27.9010519,-53.3135927
PALMEIRA DOS INDIOS,ALAGOAS             ,9,-9.4076249,-36.6323616
PALMEIRANDIA,MARANHAO            ,1,-2.6474166,-44.8983779
PALMEIRAS DE GOIAS,GOIAS               ,1,-16.8102393,-49.9234165
PALMITOS,SANTA CATARINA,1,-27.0711023,-53.1596594
PALOTINA,PARANA,2,-24.2839929,-53.8405463
PANCAS,ESPIRITO SANTO      ,1,-19.2239225,-40.8502555
PANELAS,PERNAMBUCO          ,1,-8.661211,-36.012539
PAO DE ACUCAR,ALAGOAS             ,1,-9.7496551,-37.4329891
PAPAGAIOS,MINAS GERAIS        ,1,-19.4487775,-44.7478694
PAPANDUVA,SANTA CATARINA,1,-26.4085449,-50.1424094
PARA DE MINAS,MINAS GERAIS        ,18,-19.8668656,-44.5912664
PARACAMBI,RIO DE JANEIRO      ,1,-22.6109158,-43.7096912
PARACATU,MINAS GERAIS        ,2,-17.2174056,-46.8707514
PARAGUACU,MINAS GERAIS        ,17,-21.547222,-45.7375
PARAGUACU PAULISTA,SAO PAULO           ,1,-22.4203497,-50.5792099
PARAIBA DO SUL,RIO DE JANEIRO      ,11,-22.1873955,-43.3034613
PARAIBUNA,SAO PAULO           ,2,-23.3864203,-45.6626797
PARAISO DO NORTE,PARANA,1,-23.2841185,-52.6024125
PARAISOPOLIS,MINAS GERAIS        ,8,-22.5541683,-45.7800024
PARAMIRIM,BAHIA               ,2,-13.4437218,-42.2419768
PARANAGUA,PARANA,6,-25.5148822,-48.5226695
PARANAIBA,MATO GROSSO DO SUL  ,3,-19.6751971,-51.1874986
PARANAITA,MATO GROSSO         ,4,-9.6655602,-56.4758122
PARANAPANEMA,SAO PAULO           ,3,-23.390161,-48.720868
PARANAVAI,PARANA,3,-23.08165,-52.461724
PARAOPEBA,MINAS GERAIS        ,3,-19.2756823,-44.4034123
PARAUAPEBAS,PARA                ,4,-6.0696846,-49.8903283
PARIPUEIRA,ALAGOAS             ,1,-9.463133,-35.551977
PARNAMIRIM,RIO GRANDE DO NORTE ,2,-5.9153334,-35.2679913
PAROBE,RIO GRANDE DO SUL,3,-29.624257,-50.83118
PASSA QUATRO,MINAS GERAIS        ,4,-22.3893803,-44.9666039
PASSA VINTE,MINAS GERAIS        ,1,-22.209722,-44.2344386
PASSO FUNDO,RIO GRANDE DO SUL,3,-28.2550598,-52.3966606
PASSOS,MINAS GERAIS        ,29,-20.7167803,-46.6156864
PATO BRANCO,PARANA,7,-26.2295984,-52.6712474
PATOS DE MINAS,MINAS GERAIS        ,23,-18.6041453,-46.5096698
PATROCINIO,MINAS GERAIS        ,27,-18.9408294,-46.9926624
PATROCINIO PAULISTA,SAO PAULO           ,3,-20.6383609,-47.2801241
PATY DO ALFERES,RIO DE JANEIRO      ,1,-22.3775383,-43.3970506
PAULA CANDIDO,MINAS GERAIS        ,2,-20.8737735,-42.9862733
PAULA FREITAS,PARANA,1,-26.2092739,-50.936462
PAULINIA,SAO PAULO           ,8,-22.7630391,-47.1532213
PAULISTA,PERNAMBUCO          ,1,-7.9340069,-34.868407
PAULO AFONSO,BAHIA               ,5,-9.3998562,-38.2172818
PE DE SERRA,BAHIA               ,1,-11.8346273,-39.6108675
PECANHA,MINAS GERAIS        ,3,-18.5479498,-42.5590434
PEDERNEIRAS,SAO PAULO           ,4,-22.351086,-48.778113
PEDRA AZUL,MINAS GERAIS        ,5,-16.0058567,-41.2793731
PEDRA DO INDAIA,MINAS GERAIS        ,2,-20.258333,-45.208611
PEDRALVA,MINAS GERAIS        ,4,-22.2430204,-45.4659326
PEDRAS DE MARIA DA CRUZ,MINAS GERAIS        ,2,-15.605833,-44.391944
PEDREGULHO,SAO PAULO           ,2,-20.25071,-47.4808786
PEDREIRA,SAO PAULO           ,4,-22.741347,-46.894846
PEDREIRAS,MARANHAO            ,4,-4.5687989,-44.6003029
PEDRINHAS PAULISTA,SAO PAULO           ,7,-22.815725,-50.792359
PEDRO CANARIO,ESPIRITO SANTO      ,1,-18.2993128,-39.9549993
PEDRO DE TOLEDO,SAO PAULO           ,4,-24.2769071,-47.23393
PEDRO II,PIAUI               ,5,-4.4252673,-41.458407
PEDRO LEOPOLDO,MINAS GERAIS        ,9,-19.617778,-44.043055
PELOTAS,RIO GRANDE DO SUL,4,-31.7699736,-52.3410161
PENAPOLIS,SAO PAULO           ,36,-21.4192406,-50.0765588
PENEDO,ALAGOAS             ,3,-10.2872341,-36.5819262
PERDIGAO,MINAS GERAIS        ,2,-19.953056,-45.084166
PERDOES,MINAS GERAIS        ,6,-21.0919737,-45.0903543
PEREIRAS,SAO PAULO           ,4,-23.0743096,-47.9746014
PEROLA,PARANA,1,-23.8031666,-53.6824972
PEROLANDIA,GOIAS               ,1,-17.5269378,-52.0624546
PERUIBE,SAO PAULO           ,6,-24.3218105,-46.9977452
PESQUEIRA,PERNAMBUCO          ,4,-8.3574471,-36.6968238
PETROLINA,PERNAMBUCO          ,4,-9.3817334,-40.4968875
PETROLINA DE GOIAS,GOIAS               ,2,-16.1005783,-49.3359066
PETROPOLIS,RIO DE JANEIRO      ,30,-22.3880004,-43.1752593
PIAU,MINAS GERAIS        ,2,-21.5074738,-43.320587
PICOS,PIAUI               ,3,-7.0823544,-41.4685053
PIEDADE,SAO PAULO           ,5,-23.7074096,-47.4252319
PIEDADE DE PONTE NOVA,MINAS GERAIS        ,5,-20.245333,-42.7343783
PIEDADE DO RIO GRANDE,MINAS GERAIS        ,1,-21.4679371,-44.1939394
PIEDADE DOS GERAIS,MINAS GERAIS        ,3,-20.471111,-44.226945
PILAR,ALAGOAS             ,3,-9.6016711,-35.9511275
PILAR DO SUL,SAO PAULO           ,1,-23.8121684,-47.7201865
PIMENTA,MINAS GERAIS        ,1,-20.4827995,-45.7985894
PIMENTA BUENO,RONDONIA            ,2,-11.6767868,-61.1863902
PINDAI,BAHIA               ,2,-14.4911899,-42.6864686
PINDAMONHANGABA,SAO PAULO           ,31,-22.9364,-45.4622602
PINDOBA,ALAGOAS             ,1,-9.473822,-36.291829
PINDOBACU,BAHIA               ,1,-10.7439121,-40.3619457
PINDORAMA,SAO PAULO           ,8,-21.1853,-48.90861
PINHAIS,PARANA,4,-25.4443488,-49.1900307
PINHAL,RIO GRANDE DO SUL,1,-27.5114158,-53.2163814
PINHALAO,PARANA,2,-23.7889966,-50.0577318
PINHALZINHO,SAO PAULO           ,3,-22.7824349,-46.5901718
PINHAO,PARANA,2,-25.6960895,-51.6566366
PINHEIROS,ESPIRITO SANTO      ,3,-18.4124694,-40.2147939
PIQUETE,SAO PAULO           ,1,-22.6138451,-45.1777096
PIRACAIA,SAO PAULO           ,2,-23.052545,-46.359374
PIRACANJUBA,GOIAS               ,4,-17.3020379,-49.0170101
PIRACICABA,SAO PAULO           ,54,-22.725165,-47.6493269
PIRACURUCA,PIAUI               ,8,-3.9304804,-41.7150099
PIRAI DO SUL,PARANA,1,-24.5346602,-49.9399216
PIRAJU,SAO PAULO           ,8,-23.1938491,-49.3842588
PIRAJUI,SAO PAULO           ,3,-21.9957877,-49.4549675
PIRANGI,SAO PAULO           ,3,-21.0969623,-48.6652131
PIRANGUCU,MINAS GERAIS        ,3,-22.5280226,-45.4961066
PIRANGUINHO,MINAS GERAIS        ,1,-22.4029372,-45.5338952
PIRANHAS,ALAGOAS             ,3,-9.6115579,-37.7616366
PIRAPETINGA,MINAS GERAIS        ,4,-21.656903,-42.345955
PIRAPORA,MINAS GERAIS        ,2,-17.3493765,-44.9507904
PIRAPORA DO BOM JESUS,SAO PAULO           ,7,-23.3972146,-47.0025661
PIRAPOZINHO,SAO PAULO           ,3,-22.2738742,-51.4998867
PIRAQUARA,PARANA,7,-25.4423273,-49.0604473
PIRASSUNUNGA,SAO PAULO           ,45,-21.9980468,-47.4280861
PIRATINI,RIO GRANDE DO SUL,1,-31.448451,-53.1039931
PIRAUBA,MINAS GERAIS        ,6,-21.276945,-43.025834
PIRENOPOLIS,GOIAS               ,2,-15.8501619,-48.957317
PIRES DO RIO,GOIAS               ,2,-17.3005708,-48.2793194
PITANGA,PARANA,5,-24.757677,-51.7592351
PITANGUEIRAS,SAO PAULO           ,7,-21.013203,-48.220951
PITANGUI,MINAS GERAIS        ,21,-19.682223,-44.890555
PIUMA,ESPIRITO SANTO      ,1,-20.8375312,-40.7271589
PIUMHI,MINAS GERAIS        ,8,-20.4675258,-45.9576125
PLANALTINA,GOIAS               ,2,-15.4571536,-47.6089024
PLANALTO,BAHIA               ,2,-14.6689214,-40.481006
PLANALTO,RIO GRANDE DO SUL,1,-27.3297033,-53.0575473
PLANALTO ALEGRE,SANTA CATARINA,1,-27.0721133,-52.8667023
PLANALTO DA SERRA,MATO GROSSO         ,2,-14.6627994,-54.7756232
PLANURA,MINAS GERAIS        ,2,-20.1368583,-48.7066819
POA,SAO PAULO           ,16,-23.5249082,-46.3445663
POCINHOS,PARAIBA             ,7,-7.076073,-36.0604474
POCO FUNDO,MINAS GERAIS        ,4,-21.780834,-45.965
POCOES,BAHIA               ,4,-14.5274879,-40.3665326
POCONE,MATO GROSSO         ,1,-16.2578606,-56.633926
POCOS DE CALDAS,MINAS GERAIS        ,39,-21.7900318,-46.5647928
POLONI,SAO PAULO           ,1,-20.7836955,-49.8149752
POMERODE,SANTA CATARINA,3,-26.7356218,-49.1770095
POMPEIA,SAO PAULO           ,3,-22.1088293,-50.1720753
POMPEU,MINAS GERAIS        ,3,-19.218611,-45.002778
PONTA GROSSA,PARANA,29,-25.0891685,-50.1601812
PONTAL,SAO PAULO           ,3,-21.0239714,-48.0393457
PONTAL DO PARANA,PARANA,3,-25.574765,-48.3614806
PONTE NOVA,MINAS GERAIS        ,16,-20.4164353,-42.90878
PONTE SERRADA,SANTA CATARINA,3,-26.8708566,-52.0164089
PONTES E LACERDA,MATO GROSSO         ,1,-15.2315171,-59.3349512
PONTO CHIQUE,MINAS GERAIS        ,3,-16.6328913,-45.0637456
PORANGATU,GOIAS               ,1,-13.444663,-49.1423569
PORTEIRINHA,MINAS GERAIS        ,5,-15.7420889,-43.0286046
PORTO ALEGRE,RIO GRANDE DO SUL,46,-30.0324999,-51.2303767
PORTO FELIZ,SAO PAULO           ,1,-23.2110713,-47.5247163
PORTO FERREIRA,SAO PAULO           ,5,-21.8529134,-47.4794943
PORTO FIRME,MINAS GERAIS        ,1,-20.672778,-43.084444
PORTO FRANCO,MARANHAO            ,1,-6.34149,-47.396188
PORTO RICO,PARANA,1,-22.774742,-53.267731
PORTO SEGURO,BAHIA               ,1,-16.443473,-39.064251
PORTO VELHO,RONDONIA            ,14,-8.7494525,-63.8735438
POSSE,GOIAS               ,2,-14.0835852,-46.3563185
POTE,MINAS GERAIS        ,7,-17.8074949,-41.7892455
POTIM,SAO PAULO           ,2,-22.8377227,-45.2565239
POTIRENDABA,SAO PAULO           ,1,-21.0457369,-49.3767154
POUSO ALEGRE,MINAS GERAIS        ,25,-22.2343858,-45.9327241
POUSO ALTO,MINAS GERAIS        ,2,-22.193889,-44.972778
PRADOPOLIS,SAO PAULO           ,6,-21.3597815,-48.0746603
PRAIA GRANDE,SAO PAULO           ,28,-24.008979,-46.4144939
PRATA,MINAS GERAIS        ,2,-19.307222,-48.923889
PRATAPOLIS,MINAS GERAIS        ,4,-20.7444262,-46.8607973
PRESIDENTE BERNARDES,MINAS GERAIS        ,4,-20.7685467,-43.1877237
PRESIDENTE DUTRA,MARANHAO            ,1,-5.289801,-44.49498
PRESIDENTE EPITACIO,SAO PAULO           ,7,-21.765074,-52.11114
PRESIDENTE KUBITSCHEK,MINAS GERAIS        ,2,-18.614167,-43.561667
PRESIDENTE OLEGARIO,MINAS GERAIS        ,1,-18.415,-46.419723
PRESIDENTE PRUDENTE,SAO PAULO           ,8,-22.1225167,-51.3882528
PRESIDENTE VENCESLAU,SAO PAULO           ,4,-21.877116,-51.8451047
PRIMAVERA DO LESTE,MATO GROSSO         ,2,-15.5614127,-54.2993946
PROMISSAO,SAO PAULO           ,1,-21.5404913,-49.8574709
PROPRIA,SERGIPE             ,1,-10.212427,-36.8372254
PUTINGA,RIO GRANDE DO SUL,6,-29.0017469,-52.1566367
QUATIGUA,PARANA,7,-23.5669626,-49.9160315
QUATRO BARRAS,PARANA,1,-25.3708987,-49.0745672
QUEIMADA NOVA,PIAUI               ,1,-8.5805141,-41.4173529
QUEIMADOS,RIO DE JANEIRO      ,4,-22.7156978,-43.555754
QUEIROZ,SAO PAULO           ,3,-21.7991405,-50.2392786
QUELUZ,SAO PAULO           ,1,-22.5371881,-44.7752585
QUELUZITO,MINAS GERAIS        ,1,-20.7400782,-43.8847712
QUIPAPA,PERNAMBUCO          ,1,-8.8269434,-36.011622
QUIRINOPOLIS,GOIAS               ,1,-18.4471859,-50.4546981
QUITANDINHA,PARANA,3,-25.8737269,-49.4977717
RAFAEL JAMBEIRO,BAHIA               ,3,-12.3988144,-39.5020289
RANCHARIA,SAO PAULO           ,5,-22.2294981,-50.8922333
RAPOSOS,MINAS GERAIS        ,2,-19.967223,-43.804167
RAUL SOARES,MINAS GERAIS        ,1,-20.102222,-42.451944
RECIFE,PERNAMBUCO          ,23,-8.0584933,-34.8848193
REDENCAO DA SERRA,SAO PAULO           ,2,-23.2803652,-45.5345747
REGENTE FEIJO,SAO PAULO           ,7,-22.2191056,-51.3034558
REGISTRO,SAO PAULO           ,1,-24.497942,-47.844895
RESENDE,RIO DE JANEIRO      ,10,-22.4418699,-44.4204847
RESENDE COSTA,MINAS GERAIS        ,9,-20.921945,-44.237777
RESSAQUINHA,MINAS GERAIS        ,2,-21.063056,-43.762778
RESTINGA,SAO PAULO           ,1,-20.6032343,-47.4830912
RIACHAO,PARAIBA             ,1,-6.5408387,-35.6608948
RIACHAO DO JACUIPE,BAHIA               ,2,-11.8071084,-39.3816843
RIACHO DE SANTANA,BAHIA               ,1,-13.6100985,-42.9355254
RIACHO DE SANTO ANTONIO,PARAIBA             ,1,-7.6914069,-36.1563143
RIBEIRA DO POMBAL,BAHIA               ,3,-10.8357496,-38.5368506
RIBEIRAO BRANCO,SAO PAULO           ,14,-24.2211495,-48.7678322
RIBEIRAO DAS NEVES,MINAS GERAIS        ,31,-19.7672898,-44.0875436
RIBEIRAO GRANDE,SAO PAULO           ,3,-24.10114,-48.367931
RIBEIRAO PIRES,SAO PAULO           ,17,-23.7134177,-46.4160929
RIBEIRAO PRETO,SAO PAULO           ,79,-21.1776315,-47.8100983
RIBEIROPOLIS,SERGIPE             ,2,-10.5405577,-37.4368783
RIO AZUL,PARANA,8,-25.726644,-50.790534
RIO BRANCO,ACRE                ,1,-9.9765362,-67.8220778
RIO BRANCO DO IVAI,PARANA,1,-24.3193396,-51.3139672
RIO BRANCO DO SUL,PARANA,2,-25.1885374,-49.3119082
RIO CASCA,MINAS GERAIS        ,4,-20.2258214,-42.6515651
RIO CLARO,SAO PAULO           ,15,-22.4100108,-47.5603933
RIO DAS OSTRAS,RIO DE JANEIRO      ,7,-22.5269448,-41.944972
RIO DAS PEDRAS,SAO PAULO           ,1,-22.8441256,-47.6065667
RIO DE CONTAS,BAHIA               ,5,-13.5803333,-41.8112152
RIO DE JANEIRO,RIO DE JANEIRO      ,243,-22.9110137,-43.2093727
RIO DOCE,MINAS GERAIS        ,3,-20.2447972,-42.8970432
RIO DOS CEDROS,SANTA CATARINA,4,-26.739777,-49.271828
RIO ESPERA,MINAS GERAIS        ,3,-20.8571756,-43.4729342
RIO GRANDE,RIO GRANDE DO SUL,4,-32.0334252,-52.0991297
RIO GRANDE DA SERRA,SAO PAULO           ,5,-23.7441905,-46.3924746
RIO LARGO,ALAGOAS             ,2,-9.477829,-35.839435
RIO MANSO,MINAS GERAIS        ,2,-20.265079,-44.3090284
RIO NEGRINHO,SANTA CATARINA,5,-26.259075,-49.517746
RIO NEGRO,PARANA,2,-26.1047668,-49.7982766
RIO NOVO DO SUL,ESPIRITO SANTO      ,3,-20.8641487,-40.9384378
RIO PIRACICABA,MINAS GERAIS        ,3,-19.5309495,-42.5684944
RIO POMBA,MINAS GERAIS        ,9,-21.275,-43.178889
RIO PRETO,MINAS GERAIS        ,2,-22.089444,-43.8275
RIO VERDE,GOIAS               ,9,-17.7921255,-50.9191219
RIO VERMELHO,MINAS GERAIS        ,5,-18.2932731,-43.008406
RIOLANDIA,SAO PAULO           ,2,-19.980944,-49.6814309
RODEIRO,MINAS GERAIS        ,3,-21.200278,-42.865
ROLANDIA,PARANA,7,-23.3119901,-51.3674145
RONDONOPOLIS,MATO GROSSO         ,9,-16.4603533,-54.6397099
ROSARIO,MARANHAO            ,7,-2.9405903,-44.2491088
ROSARIO DA LIMEIRA,MINAS GERAIS        ,3,-20.9793178,-42.5107009
ROSARIO DO IVAI,PARANA,1,-24.2545374,-51.2505025
ROSARIO OESTE,MATO GROSSO         ,1,-14.825938,-56.42357
ROSEIRA,SAO PAULO           ,2,-22.8980898,-45.3093218
RUBIM,MINAS GERAIS        ,2,-16.3751157,-40.5380871
RUBINEIA,SAO PAULO           ,1,-20.1718325,-50.9995571
RUSSAS,CEARA               ,2,-4.9354279,-37.9783838
SABARA,MINAS GERAIS        ,29,-19.8900372,-43.8107916
SABINOPOLIS,MINAS GERAIS        ,1,-18.6656839,-43.0830439
SACRAMENTO,MINAS GERAIS        ,9,-19.8652854,-47.4402746
SALES OLIVEIRA,SAO PAULO           ,1,-20.769612,-47.836873
SALESOPOLIS,SAO PAULO           ,11,-23.528805,-45.84653
SALGUEIRO,PERNAMBUCO          ,3,-8.0726731,-39.1269719
SALINAS,MINAS GERAIS        ,3,-16.1699073,-42.2910368
SALMOURAO,SAO PAULO           ,1,-21.625096,-50.8605656
SALTINHO,SANTA CATARINA,5,-26.604932,-53.057763
SALTINHO,SAO PAULO           ,1,-22.8446614,-47.675489
SALTO,SAO PAULO           ,8,-23.1989983,-47.2913682
SALTO DE PIRAPORA,SAO PAULO           ,2,-23.6492502,-47.5729465
SALTO DO ITARARE,PARANA,5,-23.6038767,-49.626581
SALTO GRANDE,SAO PAULO           ,1,-22.8878776,-49.9837107
SALVADOR,BAHIA               ,106,-12.9822499,-38.4812772
SANANDUVA,RIO GRANDE DO SUL,3,-27.9499376,-51.8074435
SANGAO,SANTA CATARINA,4,-28.6397512,-49.1266106
SANTA ADELIA,SAO PAULO           ,2,-21.2432992,-48.8061481
SANTA ALBERTINA,SAO PAULO           ,2,-20.0323485,-50.7278392
SANTA BARBARA,MINAS GERAIS        ,19,-19.959444,-43.415278
SANTA BARBARA DE GOIAS,GOIAS               ,2,-16.5779125,-49.6982268
SANTA BARBARA DO TUGURIO,MINAS GERAIS        ,6,-21.245833,-43.559444
SANTA BARBARA DOESTE,SAO PAULO           ,12,-22.6770592,-47.6306379
SANTA CECILIA,SANTA CATARINA,2,-26.9658952,-50.4182571
SANTA CECILIA DO SUL,RIO GRANDE DO SUL,4,-28.1625105,-51.9297926
SANTA CLARA DO SUL,RIO GRANDE DO SUL,4,-29.4686024,-52.0868635
SANTA CRUZ,PERNAMBUCO          ,1,-8.2392548,-40.3316611
SANTA CRUZ DA BAIXA VERDE,PERNAMBUCO          ,5,-7.8185452,-38.1523506
SANTA CRUZ DAS PALMEIRAS,SAO PAULO           ,3,-21.823475,-47.248023
SANTA CRUZ DE MONTE CASTELO,PARANA,1,-22.9582028,-53.294859
SANTA CRUZ DO RIO PARDO,SAO PAULO           ,3,-22.9060715,-49.6277378
SANTA EFIGENIA DE MINAS,MINAS GERAIS        ,2,-18.8271809,-42.4396055
SANTA FILOMENA DO MARANHAO,MARANHAO            ,1,-5.498196,-44.558146
SANTA GERTRUDES,SAO PAULO           ,3,-22.4590897,-47.532034
SANTA HELENA,PARAIBA             ,2,-6.7198909,-38.6399212
SANTA HELENA,PARANA,1,-24.8591735,-54.3328813
SANTA HELENA DE MINAS,MINAS GERAIS        ,2,-16.9376858,-40.6854023
SANTA INES,MARANHAO            ,2,-3.6647821,-45.3826869
SANTA INES,PARANA,3,-22.640225,-51.9031333
SANTA ISABEL,SAO PAULO           ,3,-23.3194222,-46.2271903
SANTA ISABEL DO IVAI,PARANA,1,-23.0013818,-53.1940876
SANTA JULIANA,MINAS GERAIS        ,2,-19.308611,-47.525
SANTA LUZIA,MINAS GERAIS        ,31,-19.7702097,-43.8505291
SANTA MARGARIDA,MINAS GERAIS        ,2,-20.3817696,-42.2522123
SANTA MARIA,RIO GRANDE DO SUL,5,-29.6860512,-53.8069214
SANTA MARIA DE ITABIRA,MINAS GERAIS        ,1,-19.4483453,-43.1167817
SANTA MARIA DO OESTE,PARANA,4,-24.9392355,-51.8712242
SANTA MARIANA,PARANA,2,-23.1499367,-50.5199587
SANTA RITA,PARAIBA             ,3,-7.128465,-34.9846186
SANTA RITA DE CALDAS,MINAS GERAIS        ,7,-22.028889,-46.336944
SANTA RITA DO SAPUCAI,MINAS GERAIS        ,10,-22.2486968,-45.7064507
SANTA ROSA,RIO GRANDE DO SUL,2,-27.8643546,-54.4779287
SANTA ROSA DE GOIAS,GOIAS               ,1,-16.0839829,-49.495326
SANTA ROSA DO PIAUI,PIAUI               ,4,-6.8132677,-42.2426929
SANTA ROSA DO SUL,SANTA CATARINA,5,-29.1354955,-49.7154188
SANTA TERESA,ESPIRITO SANTO      ,13,-19.936339,-40.597945
SANTA TEREZA DO OESTE,PARANA,6,-25.0511956,-53.6161834
SANTA TEREZINHA,SANTA CATARINA,1,-26.7813,-50.009017
SANTA VITORIA,MINAS GERAIS        ,5,-18.8465718,-50.1292823
SANTANA DA VARGEM,MINAS GERAIS        ,1,-21.2491719,-45.5068185
SANTANA DE PARNAIBA,SAO PAULO           ,9,-23.4446715,-46.9167722
SANTANA DE PIRAPAMA,MINAS GERAIS        ,2,-19.0075,-44.040833
SANTANA DO IPANEMA,ALAGOAS             ,1,-9.369989,-37.248018
SANTANA DO LIVRAMENTO,RIO GRANDE DO SUL,5,-30.8894097,-55.5317694
SANTANA DO MATOS,RIO GRANDE DO NORTE ,1,-5.9468972,-36.6502541
SANTANA DO RIACHO,MINAS GERAIS        ,3,-19.168611,-43.714444
SANTANA DOS MONTES,MINAS GERAIS        ,3,-20.7875735,-43.6910376
SANTAREM,PARA                ,6,-2.438489,-54.699611
SANTO ANASTACIO,SAO PAULO           ,1,-21.974662,-51.652662
SANTO ANDRE,SAO PAULO           ,83,-23.6533509,-46.5279039
SANTO ANTONIO DA PATRULHA,RIO GRANDE DO SUL,8,-29.826768,-50.517489
SANTO ANTONIO DA PLATINA,PARANA,8,-23.2957157,-50.0778957
SANTO ANTONIO DE JESUS,BAHIA               ,6,-12.9689361,-39.260914
SANTO ANTONIO DE POSSE,SAO PAULO           ,1,-22.6053304,-46.9197291
SANTO ANTONIO DO AMPARO,MINAS GERAIS        ,3,-20.9413389,-44.9187397
SANTO ANTONIO DO AVENTUREIRO,MINAS GERAIS        ,7,-21.7579052,-42.815566
SANTO ANTONIO DO DESCOBERTO,GOIAS               ,3,-15.9465415,-48.2616527
SANTO ANTONIO DO ITAMBE,MINAS GERAIS        ,1,-18.4654706,-43.3058343
SANTO ANTONIO DO LEVERGER,MATO GROSSO         ,3,-15.859843,-56.0789707
SANTO ANTONIO DO MONTE,MINAS GERAIS        ,9,-20.086944,-45.290555
SANTO ANTONIO DO PINHAL,SAO PAULO           ,1,-22.8250504,-45.6674063
SANTOS,SAO PAULO           ,48,-23.9335988,-46.3286399
SANTOS DUMONT,MINAS GERAIS        ,12,-21.455867,-43.5522107
SAO BENTO DO SUL,SANTA CATARINA,5,-26.2483669,-49.3820672
SAO BERNARDO DO CAMPO,SAO PAULO           ,63,-23.7080345,-46.5506747
SAO BORJA,RIO GRANDE DO SUL,1,-28.6592237,-56.0044295
SAO BRAS DO SUACUI,MINAS GERAIS        ,11,-20.625,-43.948889
SAO CAETANO DO SUL,SAO PAULO           ,25,-23.6195923,-46.5688323
SAO CARLOS,SAO PAULO           ,38,-21.8788022,-47.8567619
SAO CRISTOVAO DO SUL,SANTA CATARINA,1,-27.2670093,-50.4409508
SAO DOMINGOS,SANTA CATARINA,1,-26.5593237,-52.5311718
SAO DOMINGOS,SERGIPE             ,4,-10.7925274,-37.5678081
SAO DOMINGOS DO PRATA,MINAS GERAIS        ,1,-19.8671078,-42.9658318
SAO DOMINGOS DO SUL,RIO GRANDE DO SUL,2,-28.5297239,-51.8905306
SAO FELIPE,BAHIA               ,4,-12.8413439,-39.0942048
SAO FRANCISCO,MINAS GERAIS        ,5,-15.948889,-44.864444
SAO FRANCISCO DE PAULA,MINAS GERAIS        ,1,-20.7098288,-44.9817485
SAO FRANCISCO DO CONDE,BAHIA               ,6,-12.628108,-38.6811326
SAO FRANCISCO DO OESTE,RIO GRANDE DO NORTE ,1,-5.9995802,-38.1679964
SAO FRANCISCO DO PIAUI,PIAUI               ,1,-7.1851357,-42.5137569
SAO GABRIEL DA PALHA,ESPIRITO SANTO      ,5,-19.0148349,-40.539464
SAO GERALDO DA PIEDADE,MINAS GERAIS        ,3,-18.8449508,-42.2886336
SAO GONCALO,RIO DE JANEIRO      ,14,-22.821635,-42.9956797
SAO GONCALO DO AMARANTE,RIO GRANDE DO NORTE ,1,-5.7932331,-35.3286312
SAO GONCALO DO PARA,MINAS GERAIS        ,4,-19.982778,-44.859167
SAO GONCALO DO RIO ABAIXO,MINAS GERAIS        ,8,-19.8252042,-43.362126
SAO GONCALO DO SAPUCAI,MINAS GERAIS        ,8,-21.8905238,-45.5935943
SAO GOTARDO,MINAS GERAIS        ,4,-19.3168844,-46.0476596
SAO JOAO,PERNAMBUCO          ,1,-8.875762,-36.36532
SAO JOAO BATISTA DO GLORIA,MINAS GERAIS        ,4,-20.6413912,-46.5052866
SAO JOAO DA BALIZA,RORAIMA             ,2,0.951659,-59.913293
SAO JOAO DA BARRA,RIO DE JANEIRO      ,1,-21.7649506,-41.0961685
SAO JOAO DA BOA VISTA,SAO PAULO           ,22,-21.9687099,-46.7969216
SAO JOAO DA PONTE,MINAS GERAIS        ,2,-15.9283299,-44.0078035
SAO JOAO DE MERITI,RIO DE JANEIRO      ,16,-22.7853575,-43.366715
SAO JOAO DEL REI,MINAS GERAIS        ,9,-21.1335755,-44.2588086
SAO JOAO EVANGELISTA,MINAS GERAIS        ,4,-18.548023,-42.7652888
SAO JOAO NEPOMUCENO,MINAS GERAIS        ,1,-21.5359158,-43.0151428
SAO JOAQUIM DA BARRA,SAO PAULO           ,4,-20.5814993,-47.8608238
SAO JOAQUIM DE BICAS,MINAS GERAIS        ,10,-20.0489052,-44.2731691
SAO JOAQUIM DO MONTE,PERNAMBUCO          ,1,-8.4323653,-35.8076179
SAO JORGE DO PATROCINIO,PARANA,1,-23.7612908,-53.8806252
SAO JOSE,SANTA CATARINA,17,-27.6157733,-48.6276491
SAO JOSE DA BARRA,MINAS GERAIS        ,2,-20.7180697,-46.3125073
SAO JOSE DA LAPA,MINAS GERAIS        ,2,-19.6988548,-43.9583194
SAO JOSE DE RIBAMAR,MARANHAO            ,4,-2.5609115,-44.0559509
SAO JOSE DE UBA,RIO DE JANEIRO      ,1,-21.3595365,-41.9389905
SAO JOSE DO ALEGRE,MINAS GERAIS        ,1,-22.330449,-45.5284585
SAO JOSE DO BARREIRO,SAO PAULO           ,1,-22.6452376,-44.5805246
SAO JOSE DO BELMONTE,PERNAMBUCO          ,4,-7.8641261,-38.7599545
SAO JOSE DO CEDRO,SANTA CATARINA,2,-26.4555904,-53.4954785
SAO JOSE DO GOIABAL,MINAS GERAIS        ,3,-19.925098,-42.7083162
SAO JOSE DO INHACORA,RIO GRANDE DO SUL,2,-27.725055,-54.127462
SAO JOSE DO JACURI,MINAS GERAIS        ,7,-18.2773091,-42.6714372
SAO JOSE DO RIO PARDO,SAO PAULO           ,13,-21.595288,-46.887303
SAO JOSE DO RIO PRETO,SAO PAULO           ,22,-20.8125851,-49.3804212
SAO JOSE DOS CAMPOS,SAO PAULO           ,102,-23.1867782,-45.8854538
SAO JOSE DOS PINHAIS,PARANA,38,-25.533816,-49.2072163
SAO JOSE DOS QUATRO MARCOS,MATO GROSSO         ,3,-15.627584,-58.177217
SAO LEOPOLDO,RIO GRANDE DO SUL,5,-29.7544405,-51.1516497
SAO LOURENCO,MINAS GERAIS        ,3,-22.116389,-45.054167
SAO LOURENCO DO OESTE,SANTA CATARINA,3,-26.35566,-52.849837
SAO LOURENCO DO PIAUI,PIAUI               ,2,-9.1680968,-42.545289
SAO LUIS,MARANHAO            ,43,-2.5295265,-44.2963942
SAO LUIZ DO NORTE,GOIAS               ,1,-14.8620462,-49.3320827
SAO LUIZ GONZAGA,RIO GRANDE DO SUL,3,-28.4074546,-54.9609081
SAO MANUEL,SAO PAULO           ,6,-22.732081,-48.572316
SAO MARCOS,RIO GRANDE DO SUL,1,-28.9706799,-51.0687665
SAO MATEUS,ESPIRITO SANTO      ,7,-18.7146049,-39.8539499
SAO MIGUEL ARCANJO,SAO PAULO           ,9,-23.8807771,-47.9963492
SAO MIGUEL DA BOA VISTA,SANTA CATARINA,2,-26.6911028,-53.2522818
SAO MIGUEL DO ANTA,MINAS GERAIS        ,2,-20.7065375,-42.7195395
SAO MIGUEL DO GUAPORE,RONDONIA            ,3,-11.6951466,-62.7195739
SAO MIGUEL DO IGUACU,PARANA,1,-25.349171,-54.240498
SAO MIGUEL DOS CAMPOS,ALAGOAS             ,3,-9.7831115,-36.0967804
SAO PAULO,SAO PAULO           ,954,-23.5506507,-46.6333824
SAO PEDRO DE ALCANTARA,SANTA CATARINA,1,-27.5676985,-48.8047973
SAO PEDRO DO TURVO,SAO PAULO           ,1,-22.745286,-49.742829
SAO PEDRO DOS FERROS,MINAS GERAIS        ,1,-20.1706687,-42.522901
SAO ROQUE,SAO PAULO           ,6,-23.5304843,-47.1355473
SAO ROQUE DE MINAS,MINAS GERAIS        ,1,-20.245277,-46.365833
SAO ROQUE DO CANAA,ESPIRITO SANTO      ,3,-19.7385942,-40.6598575
SAO SEBASTIAO,ALAGOAS             ,6,-9.9315057,-36.5439245
SAO SEBASTIAO,SAO PAULO           ,12,-23.8027866,-45.4070527
SAO SEBASTIAO DA AMOREIRA,PARANA,1,-23.4647501,-50.7605173
SAO SEBASTIAO DA BELA VISTA,MINAS GERAIS        ,1,-22.159167,-45.754167
SAO SEBASTIAO DA GRAMA,SAO PAULO           ,1,-21.7118854,-46.8284162
SAO SEBASTIAO DO ANTA,MINAS GERAIS        ,11,-19.4972592,-41.983428
SAO SEBASTIAO DO MARANHAO,MINAS GERAIS        ,2,-18.0859051,-42.5694478
SAO SEBASTIAO DO PARAISO,MINAS GERAIS        ,21,-20.9124331,-46.9823296
SAO SIMAO,GOIAS               ,4,-18.9939882,-50.5463828
SAO SIMAO,SAO PAULO           ,8,-21.4800208,-47.5531095
SAO TIAGO,MINAS GERAIS        ,1,-20.913056,-44.509167
SAO TOMAS DE AQUINO,MINAS GERAIS        ,5,-20.7844139,-47.097717
SAO VICENTE,SAO PAULO           ,24,-23.9664177,-46.3861401
SAO VICENTE DE MINAS,MINAS GERAIS        ,2,-21.703333,-44.443889
SAPE,PARAIBA             ,5,-7.093591,-35.227975
SAPIRANGA,RIO GRANDE DO SUL,2,-29.6392382,-51.0068586
SAPUCAIA DO SUL,RIO GRANDE DO SUL,3,-29.8197019,-51.1608722
SAQUAREMA,RIO DE JANEIRO      ,2,-22.8711796,-42.5249867
SARANDI,PARANA,6,-23.444117,-51.876016
SARZEDO,MINAS GERAIS        ,1,-20.0353,-44.1453
SCHROEDER,SANTA CATARINA,1,-26.411571,-49.074041
SEARA,SANTA CATARINA,1,-27.1528578,-52.3096985
SEBASTIAO LARANJEIRAS,BAHIA               ,3,-14.5700161,-42.9442517
SEBERI,RIO GRANDE DO SUL,4,-27.4828134,-53.4013251
SENADOR AMARAL,MINAS GERAIS        ,1,-22.5875,-46.176667
SENADOR CANEDO,GOIAS               ,1,-16.7013233,-49.0914921
SENADOR FIRMINO,MINAS GERAIS        ,6,-20.9169703,-43.1001236
SENADOR JOSE BENTO,MINAS GERAIS        ,4,-22.1641985,-46.1785855
SENADOR RUI PALMEIRA,ALAGOAS             ,2,-9.469865,-37.457606
SENHOR DO BONFIM,BAHIA               ,2,-10.4602509,-40.189151
SENHORA DE OLIVEIRA,MINAS GERAIS        ,3,-20.793889,-43.344166
SENHORA DOS REMEDIOS,MINAS GERAIS        ,1,-21.028056,-43.582778
SERRA,ESPIRITO SANTO      ,10,-20.1252961,-40.3064477
SERRA NEGRA,SAO PAULO           ,3,-22.6126459,-46.699986
SERRA TALHADA,PERNAMBUCO          ,1,-7.9867805,-38.2920294
SERRANA,SAO PAULO           ,2,-21.2066883,-47.6053774
SERRANIA,MINAS GERAIS        ,1,-21.547906,-46.0404553
SERRANOS,MINAS GERAIS        ,2,-21.890277,-44.509444
SERRINHA,BAHIA               ,8,-11.66199,-39.0034021
SERRO,MINAS GERAIS        ,2,-18.604444,-43.379445
SERTANEJA,PARANA,2,-23.0367627,-50.816802
SERTANOPOLIS,PARANA,4,-23.0600434,-51.0373544
SERTAO SANTANA,RIO GRANDE DO SUL,1,-30.4617134,-51.6041992
SERTAOZINHO,SAO PAULO           ,10,-21.1375782,-47.9913741
SETE LAGOAS,MINAS GERAIS        ,52,-19.466111,-44.246944
SETE QUEDAS,MATO GROSSO DO SUL  ,1,-23.978822,-55.0428349
SEVERINIA,SAO PAULO           ,2,-20.810753,-48.80538
SIDROLANDIA,MATO GROSSO DO SUL  ,4,-20.9361042,-54.9640262
SILVEIRANIA,MINAS GERAIS        ,3,-21.158611,-43.215556
SILVEIRAS,SAO PAULO           ,3,-22.66384,-44.852157
SILVIANOPOLIS,MINAS GERAIS        ,2,-22.029723,-45.835277
SIMAO PEREIRA,MINAS GERAIS        ,1,-21.963611,-43.311667
SIMOES FILHO,BAHIA               ,3,-12.7867839,-38.4030365
SIMONESIA,MINAS GERAIS        ,2,-20.1233838,-42.0024294
SINOP,MATO GROSSO         ,4,-11.857701,-55.4967824
SIQUEIRA CAMPOS,PARANA,6,-23.687481,-49.830416
SOCORRO,SAO PAULO           ,5,-22.5902619,-46.5249112
SOLANEA,PARAIBA             ,1,-6.7540351,-35.6621943
SOLEDADE,PARAIBA             ,4,-7.058292,-36.366791
SOLEDADE DE MINAS,MINAS GERAIS        ,3,-22.0607267,-45.044957
SOLIDAO,PERNAMBUCO          ,1,-7.6008705,-37.6514396
SOMBRIO,SANTA CATARINA,2,-29.107985,-49.632776
SOORETAMA,ESPIRITO SANTO      ,1,-19.1918129,-40.1037067
SOROCABA,SAO PAULO           ,85,-23.4684836,-47.4424129
SORRISO,MATO GROSSO         ,4,-12.5444887,-55.7233972
SUD MENNUCCI,SAO PAULO           ,1,-20.6906175,-50.9240834
SUMARE,SAO PAULO           ,33,-22.8217964,-47.267105
SURUBIM,PERNAMBUCO          ,1,-7.8424353,-35.7539722
SUZANO,SAO PAULO           ,18,-23.5427842,-46.3108391
TABAPUA,SAO PAULO           ,3,-20.9648397,-49.0332398
TABATINGA,SAO PAULO           ,6,-21.7373768,-48.6880522
TABOAO DA SERRA,SAO PAULO           ,20,-23.6121912,-46.7790539
TABULEIRO,MINAS GERAIS        ,1,-21.3592212,-43.2479134
TAGUAI,SAO PAULO           ,2,-23.4534312,-49.4054454
TAIACU,SAO PAULO           ,1,-21.143144,-48.511203
TAIOBEIRAS,MINAS GERAIS        ,6,-15.811859,-42.2319723
TAIUVA,SAO PAULO           ,3,-21.1238184,-48.4512476
TAMBOARA,PARANA,1,-23.1995071,-52.5000131
TANABI,SAO PAULO           ,3,-20.6251635,-49.6519879
TANGARA,SANTA CATARINA,1,-27.0997957,-51.2477143
TANGARA DA SERRA,MATO GROSSO         ,1,-14.6213903,-57.4907268
TANGUA,RIO DE JANEIRO      ,1,-22.7353777,-42.7202272
TAPARUBA,MINAS GERAIS        ,1,-19.7620408,-41.611423
TAPIRA,MINAS GERAIS        ,2,-19.9225,-46.823056
TAPIRATIBA,SAO PAULO           ,7,-21.46824,-46.7493221
TAQUARA,RIO GRANDE DO SUL,1,-29.6452036,-50.7832169
TAQUARITINGA,SAO PAULO           ,4,-21.4064327,-48.5056132
TAQUARITUBA,SAO PAULO           ,3,-23.5337307,-49.2452541
TATUI,SAO PAULO           ,15,-23.3489848,-47.8490165
TAUBATE,SAO PAULO           ,18,-23.031448,-45.5612792
TEIXEIRA DE FREITAS,BAHIA               ,7,-17.5384774,-39.7451701
TEIXEIRA SOARES,PARANA,2,-25.3719287,-50.4586285
TEIXEIRAS,MINAS GERAIS        ,8,-20.6517875,-42.8563275
TELEMACO BORBA,PARANA,10,-24.3282939,-50.6318021
TEOFILANDIA,BAHIA               ,1,-11.4891658,-38.9997411
TEOFILO OTONI,MINAS GERAIS        ,7,-17.8579267,-41.5081533
TEOTONIO VILELA,ALAGOAS             ,3,-9.9062736,-36.3571341
TERESINA,PIAUI               ,20,-5.0874608,-42.8049571
TERESOPOLIS,RIO DE JANEIRO      ,3,-22.2978038,-42.8646411
TERRA NOVA DO NORTE,MATO GROSSO         ,2,-10.5995196,-55.1167029
TERRA RICA,PARANA,1,-22.7264874,-52.6202541
TERRA ROXA,PARANA,2,-24.1670468,-54.097432
TERRA ROXA,SAO PAULO           ,6,-20.787015,-48.331442
TIANGUA,CEARA               ,2,-3.7307332,-41.0004019
TIETE,SAO PAULO           ,12,-23.1030302,-47.7147937
TIJUCAS,SANTA CATARINA,1,-27.239404,-48.6353696
TIJUCAS DO SUL,PARANA,2,-25.9273376,-49.179265
TIMBAUBA,PERNAMBUCO          ,1,-7.5118822,-35.316076
TIMBO,SANTA CATARINA,1,-26.8282737,-49.270641
TIMBO GRANDE,SANTA CATARINA,1,-26.6170507,-50.6742579
TIMON,MARANHAO            ,2,-5.1004341,-42.8312018
TIMOTEO,MINAS GERAIS        ,15,-19.5771395,-42.6436108
TIRADENTES,MINAS GERAIS        ,2,-21.1104688,-44.1742937
TOBIAS BARRETO,SERGIPE             ,1,-11.1878721,-38.0030397
TOCANTINIA,TOCANTINS           ,2,-9.563198,-48.374104
TOCANTINS,MINAS GERAIS        ,3,-21.1738872,-43.0207206
TOCOS DO MOJI,MINAS GERAIS        ,1,-22.3706152,-46.0964763
TOLEDO,PARANA,7,-24.7222438,-53.7402476
TOMAZINA,PARANA,2,-23.7777942,-49.9546482
TORRINHA,SAO PAULO           ,7,-22.4302536,-48.1690653
TRAMANDAI,RIO GRANDE DO SUL,4,-29.9855339,-50.1316076
TREMEMBE,SAO PAULO           ,2,-22.9641763,-45.5489548
TRES CORACOES,MINAS GERAIS        ,23,-21.695625,-45.2543675
TRES FORQUILHAS,RIO GRANDE DO SUL,3,-29.5375482,-50.0650535
TRES LAGOAS,MATO GROSSO DO SUL  ,7,-20.7866799,-51.7061247
TRES PONTAS,MINAS GERAIS        ,23,-21.3686224,-45.5122937
TREZE TILIAS,SANTA CATARINA,3,-26.9996788,-51.4073067
TRINDADE,GOIAS               ,1,-16.6549924,-49.4876203
TROMBUDO CENTRAL,SANTA CATARINA,1,-27.3040981,-49.79316
TUBARAO,SANTA CATARINA,1,-28.471488,-49.014132
TUCURUI,PARA                ,3,-3.766334,-49.6663654
TUPA,SAO PAULO           ,28,-21.9349129,-50.5141255
TUPACIGUARA,MINAS GERAIS        ,3,-18.5932122,-48.6999014
TUPARETAMA,PERNAMBUCO          ,1,-7.6010116,-37.3114417
TURIUBA,SAO PAULO           ,2,-20.9491284,-50.1082011
TURMALINA,MINAS GERAIS        ,4,-17.286102,-42.7312574
TURVO,PARANA,5,-25.043933,-51.5392172
TURVOLANDIA,MINAS GERAIS        ,4,-21.875556,-45.786944
UBA,MINAS GERAIS        ,23,-19.762897,-47.9659761
UBATUBA,SAO PAULO           ,6,-23.433162,-45.083415
UBERABA,MINAS GERAIS        ,22,-19.750833,-47.936666
UBERLANDIA,MINAS GERAIS        ,58,-18.9188041,-48.2767837
UMBURATIBA,MINAS GERAIS        ,3,-17.2538265,-40.5711549
UMUARAMA,PARANA,12,-23.7621152,-53.3116192
UNAI,MINAS GERAIS        ,11,-16.3628767,-46.892413
UNIAO DA VITORIA,PARANA,8,-26.228596,-51.0869796
UNIAO DOS PALMARES,ALAGOAS             ,1,-9.1576807,-36.0342251
URAI,PARANA,2,-23.199997,-50.793873
URANDI,BAHIA               ,4,-14.7680766,-42.6573988
URUACU,GOIAS               ,3,-14.5244164,-49.1510022
URUBURETAMA,CEARA               ,1,-3.6235302,-39.5050697
URUCUI,PIAUI               ,1,-7.797,-44.5748709
URUPES,SAO PAULO           ,2,-21.2027026,-49.2921996
URUSSANGA,SANTA CATARINA,3,-28.5191381,-49.3201776
VACARIA,RIO GRANDE DO SUL,2,-28.5102901,-50.9356044
VALE REAL,RIO GRANDE DO SUL,1,-29.391944,-51.255859
VALENCA,BAHIA               ,1,-13.3723582,-39.0694243
VALENCA,RIO DE JANEIRO      ,14,-22.2326385,-43.8863929
VALENCA DO PIAUI,PIAUI               ,1,-6.4048149,-41.7382812
VALENTIM GENTIL,SAO PAULO           ,2,-20.4226107,-50.0861511
VALINHOS,SAO PAULO           ,12,-22.97056,-46.99583
VALPARAISO DE GOIAS,GOIAS               ,8,-16.0686394,-47.9764907
VANINI,RIO GRANDE DO SUL,1,-28.4762692,-51.8452978
VARGEM ALEGRE,MINAS GERAIS        ,3,-19.6070413,-42.2997922
VARGEM ALTA,ESPIRITO SANTO      ,2,-20.6733324,-41.0107231
VARGEM GRANDE DO BOM JESUS (BRASILIA DE MINAS) - D,MINAS GERAIS        ,1,-16.1127704,-44.4630405
VARGEM GRANDE DO RIO PARDO,MINAS GERAIS        ,3,-15.4027415,-42.311441
VARGEM GRANDE DO SUL,SAO PAULO           ,5,-21.8310636,-46.893303
VARGEM GRANDE PAULISTA,SAO PAULO           ,4,-23.599338,-47.022038
VARGINHA,MINAS GERAIS        ,22,-21.5565914,-45.4340674
VARRE-SAI,RIO DE JANEIRO      ,5,-20.9311337,-41.8677946
VARZEA GRANDE,MATO GROSSO         ,35,-15.645816,-56.132218
VARZEA PAULISTA,SAO PAULO           ,6,-23.2113889,-46.8283333
VASSOURAS,RIO DE JANEIRO      ,6,-22.3706473,-43.592331
VAZANTE,MINAS GERAIS        ,3,-17.9896107,-46.9003899
VENANCIO AIRES,RIO GRANDE DO SUL,1,-29.614306,-52.193159
VENDA NOVA DO IMIGRANTE,ESPIRITO SANTO      ,16,-20.3325787,-41.1295842
VERANOPOLIS,RIO GRANDE DO SUL,1,-28.9351239,-51.5519175
VERDELANDIA,MINAS GERAIS        ,2,-15.5926259,-43.6084698
VERE,PARANA,5,-25.8812309,-52.9081757
VEREDINHA,MINAS GERAIS        ,1,-17.3945837,-42.7383934
VESPASIANO,MINAS GERAIS        ,4,-19.6940958,-43.9186521
VIAMAO,RIO GRANDE DO SUL,4,-30.0819338,-51.0261927
VIANA,ESPIRITO SANTO      ,2,-20.3914471,-40.4966587
VIANA,MARANHAO            ,1,-3.2099341,-45.0002456
VIANOPOLIS,GOIAS               ,1,-16.7475869,-48.5131735
VICOSA,MINAS GERAIS        ,35,-20.7538586,-42.8815888
VICOSA DO CEARA,CEARA               ,1,-3.5667684,-41.091504
VIDEIRA,SANTA CATARINA,22,-27.00544,-51.1533733
VILA PAVAO,ESPIRITO SANTO      ,1,-18.6191731,-40.6043622
VILA VELHA,ESPIRITO SANTO      ,15,-20.3297037,-40.2920174
VINHEDO,SAO PAULO           ,6,-23.0298535,-46.9749847
VIRADOURO,SAO PAULO           ,1,-20.8726051,-48.2968122
VIRGINIA,MINAS GERAIS        ,8,-22.333333,-45.091666
VISCONDE DO RIO BRANCO,MINAS GERAIS        ,5,-21.01,-42.840833
VITORIA,ESPIRITO SANTO      ,18,-20.3200917,-40.3376682
VITORIA DA CONQUISTA,BAHIA               ,12,-14.8567487,-40.8414804
VITORIA DE SANTO ANTAO,PERNAMBUCO          ,4,-8.1209019,-35.2944858
VITORINO,PARANA,1,-26.2647687,-52.7804392
VOLTA REDONDA,RIO DE JANEIRO      ,37,-22.521856,-44.1040128
VOTORANTIM,SAO PAULO           ,7,-23.5383101,-47.4422496
VOTUPORANGA,SAO PAULO           ,1,-20.4252908,-49.972028
WENCESLAU BRAZ,MINAS GERAIS        ,7,-22.5342367,-45.3614735
WENCESLAU BRAZ,PARANA,1,-23.8748841,-49.8035872
XAMBRE,PARANA,2,-23.7361723,-53.4881707
XANXERE,SANTA CATARINA,3,-26.8748603,-52.4035964
XAXIM,SANTA CATARINA,4,-26.9605363,-52.5335505
